Date,Change_gas,Change_power,Change_eua,Price_Gas,Price_Power,Price_Eua
2018-01-23,-0.018600000000000002,-0.1703,0.0279,18.2,30.45,9.57
2018-01-24,-0.02252747252747256,-0.01806239737274218,0.047021943573667624,17.79,29.9,10.02
2018-01-25,-0.0005621135469363603,-0.019397993311036754,-0.019960079840319334,17.78,29.32,9.82
2018-01-26,0.0,0.003751705320600207,-0.015274949083503131,17.78,29.43,9.67
2018-01-29,-0.021653543307086687,0.003737682636765216,-0.009307135470527417,17.395,29.54,9.58
2018-01-30,0.0008623167576891078,-0.0027081922816519777,-0.012526096033402823,17.41,29.46,9.46
2018-01-31,0.026995979322228525,0.37983706720977595,0.04122621564482021,17.88,40.65,9.85
2018-02-01,0.015100671140939603,0.06691266912669125,0.0,18.15,43.37,9.85
2018-02-02,0.000550964187327807,-0.01936822688494344,-0.03248730964467006,18.16,42.53,9.53
2018-02-05,-0.03138766519823788,-0.05337408887843886,0.010493179433368471,17.59,40.26,9.63
2018-02-06,0.01648664013644119,-0.01962245404868357,-0.028037383177570208,17.88,39.47,9.36
2018-02-07,0.015380313199105267,0.0007600709399544492,0.021367521367521514,18.155,39.5,9.56
2018-02-08,-0.022858716606995455,-0.03139240506329122,0.013598326359832491,17.74,38.26,9.69
2018-02-09,0.00901916572717032,-0.001568217459487542,0.01031991744066052,17.9,38.2,9.79
2018-02-12,0.0027932960893854997,-0.002356020942408499,0.026557711950970564,17.95,38.11,10.05
2018-02-13,0.01977715877437336,0.011545526108632798,0.04676616915422871,18.305,38.55,10.52
2018-02-14,-0.012564872985523112,0.0007782101167315147,-0.02851711026615955,18.075,38.58,10.22
2018-02-15,-0.01576763485477184,0.004665629860031162,-0.005870841487279899,17.79,38.76,10.16
2018-02-16,0.021079258010118007,0.0023219814241486336,-0.0029527559055116948,18.165,38.85,10.13
2018-02-20,0.08835672997522703,0.015186615186615127,0.02073050345508376,19.77,39.44,10.34
2018-02-21,0.0005058168942844166,0.021805273833671368,-0.015473887814313358,19.78,40.3,10.18
2018-02-22,0.008088978766430666,0.017617866004962845,0.015717092337917515,19.94,41.01,10.34
2018-02-23,0.023570712136409266,0.005608388198000691,0.008704061895551174,20.41,41.24,10.43
2018-02-26,-0.08427241548260656,-0.02521823472356932,-0.017257909875359467,18.69,40.2,10.25
2018-02-27,0.027019796682717923,-0.0019900497512439497,0.050731707317073216,19.195,40.12,10.77
2018-02-28,-0.09611878093253445,-0.09571286141575264,-0.003714020427112219,17.35,36.28,10.73
2018-03-01,0.012103746397694293,-0.008269018743109258,-0.010251630941286227,17.56,35.98,10.62
2018-03-02,0.01395216400911159,0.004168982768204765,0.01412429378531077,17.805,36.13,10.77
2018-03-05,-0.016287559674248775,-0.05840022142264045,0.020427112349117982,17.515,34.02,10.99
2018-03-06,0.010562375107050936,0.005584950029394298,0.010009099181073733,17.7,34.21,11.1
2018-03-07,0.007344632768361503,-0.004092370651856192,0.015315315315315381,17.83,34.07,11.27
2018-03-08,0.027201346045990116,0.01320810096859426,0.042590949423247704,18.315,34.52,11.75
2018-03-09,0.03412503412503409,0.024913093858632607,0.0034042553191488967,18.94,35.38,11.79
2018-03-12,0.04065469904963037,-0.008479366873940242,-0.0025445292620864812,19.71,35.08,11.76
2018-03-13,-0.0124302384576358,0.004561003420752607,0.029761904761904656,19.465,35.24,12.11
2018-03-14,-0.04366812227074246,-0.050227014755959254,-0.02642444260941368,18.615,33.47,11.79
2018-03-15,0.009938221864088215,0.010755900806692642,-0.004240882103477395,18.8,33.83,11.74
2018-03-16,-0.007712765957446743,0.000886786875554213,-0.0008517887563883608,18.655,33.86,11.73
2018-03-19,0.002412221924416924,0.03455404607206147,-0.009377664109121997,18.7,35.03,11.62
2018-03-20,0.025401069518716568,0.014844419069369064,0.04216867469879526,19.175,35.55,12.11
2018-03-21,0.011212516297262054,0.03150492264416327,0.09578860445912474,19.39,36.67,13.27
2018-03-22,-0.01959773078906646,0.011998909190073626,-0.02336096458176329,19.01,37.11,12.96
2018-03-23,-0.029721199368753393,-0.0037725680409593787,0.02083333333333326,18.445,36.97,13.23
2018-03-26,-0.024667931688804656,0.009737625101433611,0.028722600151171562,17.99,37.33,13.61
2018-03-27,0.028071150639244147,0.007768550763461057,0.0565760470242469,18.495,37.62,14.38
2018-03-28,-0.006758583400919171,-0.0018607123870282294,-0.04381084840055638,18.37,37.55,13.75
2018-03-29,-0.007893304300489956,-0.000798934753661662,0.02109090909090905,18.225,37.52,14.04
2018-04-03,-0.01015089163237326,-0.11780383795309168,0.0014245014245015675,18.04,33.1,14.06
2018-04-04,0.008037694013303787,0.012688821752265822,-0.016358463726884764,18.185,33.52,13.83
2018-04-05,-0.00302447071762435,-0.018198090692124302,-0.030368763557483747,18.13,32.91,13.41
2018-04-06,0.0027578599007169746,0.0015192950470983568,0.026099925428784365,18.18,32.96,13.76
2018-04-09,0.025577557755775526,-0.001516990291262288,0.025436046511627897,18.645,32.91,14.11
2018-04-10,0.01045856798069189,-0.017016104527499132,0.003543586109142405,18.84,32.35,14.16
2018-04-11,0.022027600849256812,-0.0037094281298301057,0.005649717514124353,19.255,32.23,14.24
2018-04-12,-0.002077382498052449,0.011169717654359479,0.014044943820224587,19.215,32.59,14.44
2018-04-13,0.0184751496226907,0.020558453513347397,0.027700831024930705,19.57,33.26,14.84
2018-04-16,-0.01124169647419515,0.01322910402886368,0.005390835579514919,19.35,33.7,14.92
2018-04-17,-0.017312661498708026,0.0008902077151333732,-0.01608579088471851,19.015,33.73,14.68
2018-04-18,0.015514067841177814,-0.012748295286095446,0.01089918256130784,19.31,33.3,14.84
2018-04-19,0.02848265147591933,-0.009309309309309177,-0.028301886792452824,19.86,32.99,14.42
2018-04-20,-0.0030211480362537513,0.006365565322825173,-0.0277392510402219,19.8,33.2,14.02
2018-04-23,0.00454545454545463,-0.013253012048192958,-0.010699001426533572,19.89,32.76,13.87
2018-04-24,-0.010809451985922536,-0.009768009768009733,0.025234318673395872,19.675,32.44,14.22
2018-04-25,0.01041931385006345,-0.004007398273735974,0.002812939521800173,19.88,32.31,14.26
2018-04-26,0.01358148893360167,-0.006499535747446661,0.017531556802244053,20.15,32.1,14.51
2018-04-27,0.005707196029776762,0.004984423676012373,0.004824259131633424,20.265,32.26,14.58
2018-04-30,0.014557118184061135,-0.029448233106013633,0.00137174211248281,20.56,31.31,14.6
2018-05-01,-0.02261673151750976,-0.012775471095496593,-0.013013698630136905,20.095,30.91,14.41
2018-05-02,-0.011445633242100017,-0.026852151407311564,-0.022900763358778664,19.865,30.08,14.08
2018-05-03,0.004278882456582034,-0.014627659574467988,-0.007102272727272707,19.95,29.64,13.98
2018-05-04,0.023558897243108,0.020917678812415685,0.0042918454935620964,20.42,30.26,14.04
2018-05-07,0.0,0.004296100462656938,0.04344729344729359,20.42,30.39,14.65
2018-05-08,0.008814887365328206,-0.001974333662388972,-0.0013651877133105117,20.6,30.33,14.63
2018-05-09,0.01189320388349513,0.03363006923837797,0.028708133971291794,20.845,31.35,15.05
2018-05-10,0.007675701607100072,0.00765550239234436,0.04053156146179404,21.005,31.59,15.66
2018-05-11,0.01237800523684851,-0.007597340930674212,0.0012771392081736277,21.265,31.35,15.68
2018-05-14,0.016929226428403554,0.026156299840510266,0.0012755102040815647,21.625,32.17,15.7
2018-05-15,-0.0039306358381503426,0.006216972334472937,-0.020382165605095426,21.54,32.37,15.38
2018-05-16,0.006035283194057772,-0.01699104108742655,0.05656697009102718,21.67,31.82,16.25
2018-05-17,0.029072450392247262,-0.012884978001257097,0.008615384615384691,22.3,31.41,16.39
2018-05-18,-0.010986547085201859,-0.035020694046482004,-0.0006101281269067504,22.055,30.31,16.38
2018-05-21,0.014509181591475961,0.0362916529198285,0.01831501831501825,22.375,31.41,16.68
2018-05-22,0.02368715083798878,0.012734797835084244,0.023980815347721673,22.905,31.81,17.08
2018-05-23,-0.008295132067234312,0.022320025149324296,0.004098360655737654,22.715,32.52,17.15
2018-05-24,-0.0008804754567466322,0.011685116851168464,0.017492711370262537,22.695,32.9,17.45
2018-05-25,-0.039215686274509776,0.008814589665653516,-0.016045845272206205,21.805,33.19,17.17
2018-05-29,0.038981884888787066,0.01024404941247381,0.01747233546884086,22.655,33.53,17.47
2018-05-30,0.014566320900463392,0.00029824038174752765,-0.025758443045220347,22.985,33.54,17.02
2018-05-31,-0.017620187078529526,0.33512224209898633,-0.05052878965922436,22.58,44.78,16.16
2018-06-01,-0.03565101860053144,-0.06163465832961135,0.02413366336633671,21.775,42.02,16.55
2018-06-04,0.005970149253731405,0.05925749643027123,0.05256797583081574,21.905,44.51,17.42
2018-06-05,-0.021684546907098867,0.004942709503482412,-0.017795637198622427,21.43,44.73,17.11
2018-06-06,-0.005132991133924403,-0.03822937625754519,0.011689070718877703,21.32,43.02,17.31
2018-06-07,0.016181988742964393,0.0030218503021848253,0.0034662045060660507,21.665,43.15,17.37
2018-06-08,-0.005769674590353158,0.0055619930475088175,-0.009786989061600582,21.54,43.39,17.2
2018-06-11,-0.00882079851439177,0.01567181378197735,-0.013953488372092981,21.35,44.07,16.96
2018-06-12,0.020374707259953162,0.010437939641479543,-0.020636792452830233,21.785,44.53,16.61
2018-06-13,0.027312370897406346,-0.016168874915787113,0.009632751354605729,22.38,43.81,16.77
2018-06-14,-0.0011170688114386929,-0.005478201323898646,-0.02564102564102566,22.355,43.57,16.34
2018-06-15,-0.027063296801610348,0.010787238925866305,-0.022031823745410017,21.75,44.04,15.98
2018-06-18,0.017931034482758568,-0.04791099000908261,0.004380475594493172,22.14,41.93,16.05
2018-06-19,-0.02009936766034326,0.01550202718817073,-0.02242990654205612,21.695,42.58,15.69
2018-06-20,-0.008988246139663536,-0.01009863785814935,0.018483110261312996,21.5,42.15,15.98
2018-06-21,0.002093023255814064,-0.0026097271648872766,0.020650813516895905,21.545,42.04,16.31
2018-06-22,0.005105592944998794,-0.0023786869647954845,0.018393623543838222,21.655,41.94,16.61
2018-06-25,-0.005079658277533983,0.006437768240343367,-0.004214328717640048,21.545,42.21,16.54
2018-06-26,-0.0023207240659085526,0.002132196162046851,0.0006045949214028568,21.495,42.3,16.55
2018-06-27,0.02512212142358683,0.00023640661938539864,0.013897280966767456,22.035,42.31,16.78
2018-06-28,-0.003403675970047648,0.0016544552115338451,-0.015494636471990564,21.96,42.38,16.52
2018-06-29,-0.0038706739526411793,0.0009438414346389923,-0.000605326876513157,21.875,42.42,16.51
2018-07-02,0.016685714285714193,0.06883545497406884,0.0066626287098727754,22.24,45.34,16.62
2018-07-03,0.0008992805755396738,-0.010366122629025254,0.0018050541516243523,22.26,44.87,16.65
2018-07-05,0.009209344115004514,0.012257633162469528,0.03603603603603611,22.465,45.42,17.25
2018-07-06,-0.004896505675495155,-0.0068251871422281285,0.0017391304347826875,22.355,45.11,17.28
2018-07-09,0.016774770744799827,0.03968078031478606,0.01736111111111094,22.73,46.9,17.58
2018-07-10,0.0,0.013006396588486124,0.005119453924914863,22.73,47.51,17.67
2018-07-11,-0.006599208095028675,0.013049884234898057,0.015846066779852785,22.58,48.13,17.95
2018-07-12,-0.027015057573073542,-0.009972989819239664,-0.012813370473537589,21.97,47.65,17.72
2018-07-13,0.013427401001365524,-0.0031479538300104304,-0.0016930022573361514,22.265,47.5,17.69
2018-07-16,-0.011003817651021874,0.02400000000000002,-0.0056529112492934575,22.02,48.64,17.59
2018-07-17,-0.007720254314259711,-0.0004111842105263275,0.008527572484366086,21.85,48.62,17.74
2018-07-18,0.01327231121281458,0.0063759769642122155,0.020856820744081128,22.14,48.93,18.11
2018-07-19,0.0006775067750677266,0.007561823012466773,0.024848150193263363,22.155,49.3,18.56
2018-07-20,-0.012638230647709414,-0.006896551724137834,0.011314655172413923,21.875,48.96,18.77
2018-07-23,0.007085714285714362,0.0106209150326797,0.017048481619605704,22.03,49.48,19.09
2018-07-24,0.0029505220154333323,0.0008084074373484462,-0.004190675746464034,22.095,49.52,19.01
2018-07-25,0.0033944331296675845,0.001817447495961133,0.014203051025775792,22.17,49.61,19.28
2018-07-26,-0.0024808299503835674,-0.0004031445273129375,-0.002593360995850613,22.115,49.59,19.23
2018-07-27,-0.010174089984173573,-0.000604960677555999,-0.007280291211648526,21.89,49.56,19.09
2018-07-30,0.007766103243490141,-0.00040355125100899336,-0.005238344683080265,22.06,49.54,18.99
2018-07-31,0.0024932003626472188,0.03128784820347197,0.01843075302790953,22.115,51.09,19.34
2018-08-01,-0.008365362875876081,0.008025053826580475,0.018097207859358866,21.93,51.5,19.69
2018-08-02,0.0002279981760144878,-0.009126213592232979,-0.008125952260030433,21.935,51.03,19.53
2018-08-03,0.014816503305220108,0.011953752694493502,0.0,22.26,51.64,19.53
2018-08-06,0.010781671159029615,-0.00038729666924874895,-0.005632360471070075,22.5,51.62,19.42
2018-08-07,0.004888888888888943,-0.0027121270825262167,-0.00308959835221434,22.61,51.48,19.36
2018-08-08,-0.0004422821760282636,0.0038850038850040125,-0.00723140495867769,22.6,51.68,19.22
2018-08-09,0.005088495575221064,0.016253869969040213,0.010405827263267664,22.715,52.52,19.42
2018-08-10,0.00726392251815966,-0.007806549885757907,0.01596292481977346,22.88,52.11,19.73
2018-08-13,0.027097902097902082,0.025331030512377728,0.008616320324378979,23.5,53.43,19.9
2018-08-14,0.009574468085106425,0.00655062698858333,0.005025125628140836,23.725,53.78,20.0
2018-08-15,-0.008640674394099102,0.00037188545927846484,-0.0025000000000000577,23.52,53.8,19.95
2018-08-16,0.013392857142857206,0.008736059479554026,-0.004511278195488688,23.835,54.27,19.86
2018-08-17,0.013425634571009093,0.006817763036668367,0.009063444108761365,24.155,54.64,20.04
2018-08-20,0.0010349824052990897,0.009333821376281026,0.019960079840319445,24.18,55.15,20.44
2018-08-21,0.009305210918114204,0.019220308250226692,0.042563600782778765,24.405,56.21,21.31
2018-08-22,0.0018438844499077955,0.0007116171499732538,0.023932426091037184,24.45,56.25,21.82
2018-08-23,0.012678936605317048,-0.003377777777777702,0.029789184234646937,24.76,56.06,22.47
2018-08-24,0.008683360258481487,0.0017838030681411876,0.01602136181575431,24.975,56.16,22.83
2018-08-27,0.017417417417417314,0.0007122507122507837,0.027157249233464853,25.41,56.2,23.45
2018-08-28,-0.001967729240456517,0.001245551601423589,-0.02515991471215351,25.36,56.27,22.86
2018-08-29,0.02011041009463721,-0.001777145903678723,0.014435695538057791,25.87,56.17,23.19
2018-08-30,0.010050251256281229,0.0003560619547799959,0.004312203536006809,26.13,56.19,23.29
2018-08-31,-0.011289705319555976,0.05552589428723986,-0.0038643194504078826,25.835,59.31,23.2
2018-09-04,0.03386878265918325,-0.03203506997133709,-0.04094827586206895,26.71,57.41,22.25
2018-09-05,0.011606140022463407,-0.016025082738198804,0.008539325842696677,27.02,56.49,22.44
2018-09-06,0.016099185788304826,0.004248539564524645,0.05035650623885912,27.455,56.73,23.57
2018-09-07,0.01948643234383529,0.02414947999294914,0.07467119219346618,27.99,58.1,25.33
2018-09-10,0.04055019649874958,0.023235800344234114,0.08251085669167013,29.125,59.45,27.42
2018-09-11,-0.011845493562231746,0.005046257359125228,-0.027716994894237845,28.78,59.75,26.66
2018-09-12,-0.04464906184850592,-0.0010041841004184704,-0.048387096774193505,27.495,59.69,25.37
2018-09-13,-0.024913620658301605,-0.008544144747863913,-0.1608198659834451,26.81,59.18,21.29
2018-09-14,0.0044759418127564565,0.002027712064886833,0.05307656176608755,26.93,59.3,22.42
2018-09-17,0.0425176383215744,-0.026812816188870103,0.04638715432649421,28.075,57.71,23.46
2018-09-18,-0.023686553873553007,-0.02062034309478422,-0.02685421994884918,27.41,56.52,22.83
2018-09-19,0.03319956220357545,-0.005484784147204547,0.0551905387647833,28.32,56.21,24.09
2018-09-20,0.009533898305084776,-0.00249066002490661,0.026151930261519185,28.59,56.07,24.72
2018-09-21,0.004721930745015701,-0.016586409844836836,0.006472491909385036,28.725,55.14,24.88
2018-09-24,0.018102697998259254,0.018498367791077275,0.01647909967845651,29.245,56.16,25.29
2018-09-25,-0.0005129081894340581,-0.008368945868945876,-0.04033214709371291,29.23,55.69,24.27
2018-09-26,-0.03318508381799512,-0.005207398096606197,-0.03502266172229085,28.26,55.4,23.42
2018-09-27,-0.024239207360226556,-0.0021660649819493782,0.024765157984628416,27.575,55.28,24.0
2018-09-28,-0.0088848594741614,-0.006874095513748291,0.026249999999999885,27.33,54.9,24.63
2018-10-01,0.004207830223198039,0.013114754098360715,0.013398294762484886,27.445,55.62,24.96
2018-10-02,-0.006922936782656319,0.04261057173678551,-0.008012820512820484,27.255,57.99,24.76
2018-10-03,-0.00513667217024405,0.0017244352474565794,0.008077544426494221,27.115,58.09,24.96
2018-10-04,0.013092384289138836,0.01273885350318471,0.008814102564102422,27.47,58.83,25.18
2018-10-05,0.015653440116490724,0.0033996260411355284,0.03653693407466241,27.9,59.03,26.1
2018-10-08,-0.024372759856630788,-0.03693037438590552,0.014559386973179933,27.22,56.85,26.48
2018-10-09,-0.014144011756061614,-0.016358839050131913,-0.04342900302114816,26.835,55.92,25.33
2018-10-10,-0.022917831190609306,-0.003576537911301858,-0.06632451638373471,26.22,55.72,23.65
2018-10-11,-0.01754385964912275,-0.029073941134242554,0.009725158562367886,25.76,54.1,23.88
2018-10-12,0.03377329192546563,0.015711645101663674,0.013819095477386911,26.63,54.95,24.21
2018-10-15,-0.00018775816748028973,-0.013648771610555,-0.08756712102437014,26.625,54.2,22.09
2018-10-16,-0.011079812206572837,-0.01162361623616237,0.01991851516523324,26.33,53.57,22.53
2018-10-17,-0.014812001519179496,-0.00018667164457719654,-0.011540168664003647,25.94,53.56,22.27
2018-10-18,0.0032767925983037127,0.0050410754294247795,0.015716210148181364,26.025,53.83,22.62
2018-10-19,0.03208453410182521,-0.00427271038454391,0.0008841732979663064,26.86,53.6,22.64
2018-10-22,-0.027736411020104268,0.04850746268656714,-0.03180212014134276,26.115,56.2,21.92
2018-10-23,-0.017231476163124593,-0.005693950177935947,-0.005474452554744547,25.665,55.88,21.8
2018-10-24,-0.015780245470484955,-0.00769506084466709,0.004587155963302614,25.26,55.45,21.9
2018-10-25,-0.015637371338084072,-0.02091974752028858,-0.02237442922374422,24.865,54.29,21.41
2018-10-26,-0.023527046048662625,-0.01491987474673051,-0.03829985987856144,24.28,53.48,20.59
2018-10-29,0.012355848434925765,-0.0056095736724008916,-0.08159300631374455,24.58,53.18,18.91
2018-10-30,-0.028681855166802217,-0.001316284317412597,-0.04124801692226343,23.875,53.11,18.13
2018-10-31,0.019267015706806223,0.07588024854076458,0.019856591285162706,24.335,57.14,18.49
2018-11-01,-0.02814875693445662,-0.03587679383969189,-0.04705246078961589,23.65,55.09,17.62
2018-11-02,0.026849894291754772,0.010891268832818879,0.0885357548240635,24.285,55.69,19.18
2018-11-05,-0.01955939880584734,-0.08260010773927084,0.006777893639207555,23.81,51.09,19.31
2018-11-06,0.0035699286014279075,0.0066549226854568655,0.019678922837907953,23.895,51.43,19.69
2018-11-07,0.021971123666038928,0.04199883336573995,0.05485017775520551,24.42,53.59,20.77
2018-11-08,0.00040950040950038513,0.02201903340175404,0.047183437650457405,24.43,54.77,21.75
2018-11-09,-0.004297994269340966,0.0023735621690705866,-0.0045977011494253706,24.325,54.9,21.65
2018-11-12,0.06700924974306255,0.07723132969034618,0.04849884526558901,25.955,59.14,22.7
2018-11-13,0.02176844538624545,-0.003381805884342337,-0.019383259911894157,26.52,58.94,22.26
2018-11-14,-0.009049773755656076,0.0066168985408889824,-0.021563342318059342,26.28,59.33,21.78
2018-11-15,0.015030441400304406,-0.0065734030001685095,-0.029843893480257178,26.675,58.94,21.13
2018-11-16,-0.026991565135895068,-0.000678656260604038,0.008518693800283916,25.955,58.9,21.31
2018-11-19,-0.06954344057021766,-0.05314091680814936,-0.010793054903801003,24.15,55.77,21.08
2018-11-20,0.008281573498964967,0.011475703783395907,0.025616698292220352,24.35,56.41,21.62
2018-11-21,0.006160164271047153,0.022513738698812347,0.049491211840888116,24.5,57.68,22.69
2018-11-23,0.013061224489795853,-0.003987517337031843,-0.012780960775672257,24.82,57.45,22.4
2018-11-26,-0.01107977437550356,-0.015839860748476986,-0.016964285714285654,24.545,56.54,22.02
2018-11-27,0.02505601955591774,-0.0019455252918287869,-0.009082652134423275,25.16,56.43,21.82
2018-11-28,-0.03418124006359302,0.0030125819599504666,-0.01466544454628782,24.3,56.6,21.5
2018-11-29,0.013786008230452618,0.001413427561837377,0.03395348837209311,24.635,56.68,22.23
2018-11-30,0.0022325959001421314,-0.09950599858856746,0.021142600089968377,24.69,51.04,22.7
2018-12-03,0.015998379910895144,-0.0015673981191222097,0.006607929515418665,25.085,50.96,22.85
2018-12-04,-0.026709188758222147,-0.03296703296703296,0.006126914660831373,24.415,49.28,22.99
2018-12-05,-0.024370264181855394,-0.036323051948051965,-0.04175728577642446,23.82,47.49,22.03
2018-12-06,-0.02749790092359372,-0.051168667087807984,0.014979573309123806,23.165,45.06,22.36
2018-12-07,-0.0008633714655730262,-0.022858411007545487,0.01073345259391778,23.145,44.03,22.6
2018-12-10,0.004536616979909258,-0.009084714967067864,0.02743362831858387,23.25,43.63,23.22
2018-12-11,0.015913978494623615,0.03415081366032524,-0.030146425495262696,23.62,45.12,22.52
2018-12-12,0.012701100762066098,0.02504432624113484,0.057282415630550476,23.92,46.25,23.81
2018-12-13,0.012750836120401399,0.017297297297297343,0.03527929441411182,24.225,47.05,24.65
2018-12-14,0.017337461300309442,0.022954303931987274,0.04503042596348905,24.645,48.13,25.76
2018-12-17,0.0014201663623452099,-0.025348015790567335,0.03610248447204967,24.68,46.91,26.69
2018-12-18,-0.03849270664505666,-0.0104455340012789,-0.010116148370176048,23.73,46.42,26.42
2018-12-19,0.020227560050569027,0.016803102111158985,0.0094625283875851,24.21,47.2,26.67
2018-12-20,0.016315572077653773,0.013983050847457656,-0.005249343832021025,24.605,47.86,26.53
2018-12-21,0.011989433042064457,-0.0054325114918512,0.016584998115340976,24.9,47.6,26.97
2018-12-24,-0.026305220883534042,-0.00945378151260512,0.010381905821282844,24.245,47.15,27.25
2018-12-27,-0.03815219632914002,0.003817603393425184,-0.006238532110091843,23.32,47.33,27.08
2018-12-28,-0.021869639794168116,0.003380519754912381,-0.0022156573116690614,22.81,47.49,27.02
2018-12-31,-0.03638754932047339,0.23520741208675489,0.001480384900073961,21.98,58.66,27.06
2019-01-02,0.022520473157415788,-0.06034776679168086,0.01145602365114562,22.475,55.12,27.37
2019-01-03,-0.009788654060066793,-0.012880986937590766,-0.07636097917427842,22.255,54.41,25.28
2019-01-04,0.030330262862278135,-0.014519389818048123,0.015031645569620222,22.93,53.62,25.66
2019-01-07,-0.06105538595726112,-0.07441253263707559,-0.05611847233047551,21.53,49.63,24.22
2019-01-08,0.02601021830004635,0.02780576264356216,0.023121387283236983,22.09,51.01,24.78
2019-01-09,-0.016749660479855155,-0.009801999607920053,-0.034301856335754666,21.72,50.51,23.93
2019-01-10,-0.002071823204419787,-0.0128687388635913,0.001253656498119593,21.675,49.86,23.96
2019-01-11,0.026758938869665405,0.005816285599679061,0.023372287145241977,22.255,50.15,24.52
2019-01-14,-0.026061559200179607,0.003988035892322994,-0.0077487765089723215,21.675,50.35,24.33
2019-01-15,0.014994232987312506,0.002979145978152964,0.0028771064529387047,22.0,50.5,24.4
2019-01-16,0.00022727272727274261,0.013267326732673279,0.031967213114754145,22.005,51.17,25.18
2019-01-17,0.04498977505112478,0.009575923392612706,0.008339952343129564,22.995,51.66,25.39
2019-01-18,-0.016960208741030658,-0.011420828493999169,0.048838125246159825,22.605,51.07,26.63
2019-01-22,-0.03494802034948019,-0.010573722341883696,0.011641006383777741,21.815,50.53,26.94
2019-01-23,0.017190006876002695,0.005343360379972184,-0.017446176688938442,22.19,50.8,26.47
2019-01-24,-0.04100946372239744,-0.012007874015747988,-0.02342274272761602,21.28,50.19,25.85
2019-01-25,-0.018327067669172914,-0.0103606296074914,-0.006576402321083252,20.89,49.67,25.68
2019-01-28,-0.01627573001436089,-0.0032212603180995503,-0.04595015576323991,20.55,49.51,24.5
2019-01-29,0.0017031630170316614,-0.0038376085639264534,0.023673469387754942,20.585,49.32,25.08
2019-01-30,-0.019674520281758645,0.0014193025141930882,-0.014354066985645897,20.18,49.39,24.72
2019-01-31,-0.016352824578790837,0.09637578457177565,-0.03317152103559873,19.85,54.15,23.9
2019-02-01,-0.027707808564231717,-0.04192059095106182,-0.014644351464435101,19.3,51.88,23.55
2019-02-04,0.0028497409326424528,-0.0907864302235929,0.04585987261146496,19.355,47.17,24.63
2019-02-05,-0.011108240764660327,-0.01250794996820015,0.004466098254161555,19.14,46.58,24.74
2019-02-06,-0.011755485893417017,-0.011163589523400463,0.02021018593371049,18.915,46.06,25.24
2019-02-07,-0.0002643404705260366,0.01801997394702548,-0.008716323296354966,18.91,46.89,25.02
2019-02-08,-0.034108937070333134,-0.03156323309874187,-0.04436450839328532,18.265,45.41,23.91
2019-02-11,-0.011497399397755292,-0.03193129266681338,0.0025094102885820924,18.055,43.96,23.97
2019-02-12,-0.014954306286347196,-0.005232029117379522,-0.0717563621193158,17.785,43.73,22.25
2019-02-13,0.013213382063536727,-0.0077749828493024475,0.011685393258427101,18.02,43.39,22.51
2019-02-14,-0.014705882352941235,0.0018437427978796883,-0.05064415815193246,17.755,43.47,21.37
2019-02-15,0.019431146156012602,-0.020703933747411973,0.031352363125877414,18.1,42.57,22.04
2019-02-19,-0.02182320441988972,0.0049330514446794815,-0.010435571687840262,17.705,42.78,21.81
2019-02-20,0.024851736797514956,0.0014025245441795509,0.010545621274644645,18.145,42.84,22.04
2019-02-21,-0.034444750620005515,0.0007002801120445934,-0.07803992740471866,17.52,42.87,20.32
2019-02-22,-0.01655251141552505,-0.0041987403778865895,0.005413385826771533,17.23,42.69,20.43
2019-02-25,-0.01654091700522342,0.002576715858514822,0.010768477728830161,16.945,42.8,20.65
2019-02-26,0.005901445854234355,0.00046728971962628485,0.020823244552058195,17.045,42.82,21.08
2019-02-27,0.0334408917571134,0.0,0.07685009487666039,17.615,42.82,22.7
2019-02-28,0.011353959693443327,-0.1004203643157402,0.018942731277532987,17.815,38.52,23.13
2019-03-01,-0.02778557395453274,-0.0012980269989616433,0.025940337224384047,17.32,38.47,23.73
2019-03-04,0.004618937644341736,-0.0246945671952169,0.036662452591656125,17.4,37.52,24.6
2019-03-05,-0.012643678160919491,-0.029850746268656803,-0.007317073170731714,17.18,36.4,24.42
2019-03-06,-0.019208381839348032,-0.029395604395604402,-0.03357903357903358,16.85,35.33,23.6
2019-03-07,0.001186943620178127,-0.03141805830738742,0.04915254237288136,16.87,34.22,24.76
2019-03-08,-0.008298755186722073,-0.0011689070718877703,-0.009693053311793265,16.73,34.18,24.52
2019-03-11,-0.006276150627615107,-0.02808660035108257,-0.030179445350734024,16.625,33.22,23.78
2019-03-12,-0.02496240601503752,-0.015051173991571298,0.000841042893187538,16.21,32.72,23.8
2019-03-13,-0.02991980259099325,-0.02353300733496333,-0.003361344537815225,15.725,31.95,23.72
2019-03-14,-0.007631160572337037,-0.017214397496087663,0.02023608768971341,15.605,31.4,24.2
2019-03-15,-0.02274911887215636,-0.004458598726114538,-0.01157024793388417,15.25,31.26,23.92
2019-03-18,-0.017704918032786843,-0.018234165067178565,-0.02926421404682289,14.98,30.69,23.22
2019-03-19,0.0016688918558078747,0.00032583903551630655,-0.029715762273901714,15.005,30.7,22.53
2019-03-20,0.01399533488837057,-0.0006514657980455363,0.02174877940523734,15.215,30.68,23.02
2019-03-21,-0.042720999014130845,-0.004889178617992096,-0.03214596003475234,14.565,30.53,22.28
2019-03-22,-0.007552351527634671,0.0,-0.013016157989228172,14.455,30.53,21.99
2019-03-25,-0.01867865790383949,0.001637733377006123,0.01091405184174632,14.185,30.58,22.23
2019-03-26,0.014099400775466897,-0.003924133420536213,0.02744039586144842,14.385,30.46,22.84
2019-03-27,0.04240528328119564,0.0013131976362441566,0.013572679509632257,14.995,30.5,23.15
2019-03-28,-0.037679226408802946,0.004918032786885185,0.017278617710583255,14.43,30.65,23.55
2019-03-29,-0.01489951489951491,-0.0013050570962479524,-0.030997876857749462,14.215,30.61,22.82
2019-04-01,-0.026028842771719907,0.13819013394315594,0.014899211218229569,13.845,34.84,23.16
2019-04-02,-0.028169014084507116,-0.008323765786452553,0.0038860103626943143,13.455,34.55,23.25
2019-04-03,0.05462653288740249,0.0017366136034733248,0.05161290322580636,14.19,34.61,24.45
2019-04-04,0.04334038054968281,0.027737648078590027,0.05194274028629864,14.805,35.57,25.72
2019-04-05,0.12360688956433652,0.0413269609221254,0.006998444790046632,16.635,37.04,25.9
2019-04-08,-0.04027652539825677,0.03698704103671702,-0.01235521235521242,15.965,38.41,25.58
2019-04-09,0.04948324459755704,0.01431918771153362,0.04925723221266631,16.755,38.96,26.84
2019-04-10,-0.061175768427335075,0.01591375770020531,0.021236959761550045,15.73,39.58,27.41
2019-04-11,0.01684678957406227,-0.024254674077817118,0.04268515140459672,15.995,38.62,28.58
2019-04-12,-0.008752735229759279,0.01139306059036782,-0.026592022393281955,15.855,39.06,27.82
2019-04-15,-0.0532954903815831,-0.013824884792626668,0.008267433501078392,15.01,38.52,28.05
2019-04-16,-0.011658894070619485,-0.0010384215991694479,0.007130124777183555,14.835,38.48,28.25
2019-04-17,0.02426693629929222,0.008835758835758822,0.01628318584070798,15.195,38.82,28.71
2019-04-18,-0.04837117472852903,0.01004636785162294,-0.019853709508881878,14.46,39.21,28.14
2019-04-23,-0.0027662517289074318,-0.07243050242285143,0.023454157782516027,14.42,36.37,28.8
2019-04-24,-0.010748959778085987,0.012922738520759092,-0.004861111111111094,14.265,36.84,28.66
2019-04-25,0.018927444794952564,0.007600434310531812,-0.004187020237264472,14.535,37.12,28.54
2019-04-26,-0.007567939456484263,-0.004579741379310165,-0.05080588647512263,14.425,36.95,27.09
2019-04-29,0.006932409012131657,0.00027063599458720944,0.016980435585086884,14.525,36.96,27.55
2019-04-30,-0.009294320137693601,0.037608225108225035,-0.004355716878402971,14.39,38.35,27.43
2019-05-01,-0.023280055594162685,0.0,-0.019686474662777953,14.055,38.35,26.89
2019-05-02,0.022056207755247303,-0.025814863102998742,-0.04090740052063968,14.365,37.36,25.79
2019-05-03,0.01392272885485557,0.004014989293361859,0.019387359441644048,14.565,37.51,26.29
2019-05-06,-0.015791280466872504,0.007731271660890382,0.004944845949030219,14.335,37.8,26.42
2019-05-07,-0.012556679455877351,0.020899470899470973,0.0397426192278576,14.155,38.59,27.47
2019-05-08,0.011656658424584965,0.03291008033169196,0.01892974153622129,14.32,39.86,27.99
2019-05-09,0.00942737430167595,-0.009282488710486647,-0.01500535905680589,14.455,39.49,27.57
2019-05-10,-0.031822898650985865,-0.02253735122815903,-0.034457743924555695,13.995,38.6,26.62
2019-05-13,-0.016791711325473302,-0.0028497409326424528,-0.02216378662659657,13.76,38.49,26.03
2019-05-14,0.00181686046511631,-0.0005196154845414913,0.03227045716480981,13.785,38.47,26.87
2019-05-15,0.005077983315197709,-0.010657655315830405,0.003349460364719059,13.855,38.06,26.96
2019-05-16,-0.03392277156261281,0.014450867052023142,-0.014836795252225587,13.385,38.61,26.56
2019-05-17,-0.039596563317146005,-0.010101010101010166,-0.02259036144578308,12.855,38.22,25.96
2019-05-20,0.003889537145079558,-0.006017791732077393,0.007704160246533087,12.905,37.99,26.16
2019-05-21,-0.01549786904300654,0.0036851803106081604,0.007262996941896027,12.705,38.13,26.35
2019-05-22,-0.0043290043290042934,-0.01940729084710202,0.03757115749525619,12.65,37.39,27.34
2019-05-23,-0.004347826086956497,0.010163145225996262,-0.011338697878566117,12.595,37.77,27.03
2019-05-24,-0.027391822151647482,0.003177124702144596,-0.021827598964113903,12.25,37.89,26.44
2019-05-28,0.022040816326530654,0.0021113750329901926,0.0007564296520423675,12.52,37.97,26.46
2019-05-29,-0.023562300319488805,-0.002897023966289214,0.0018896447467875443,12.225,37.86,26.51
2019-05-30,-0.06134969325153372,-0.0005282620179608566,-0.008675971331573051,11.475,37.84,26.28
2019-05-31,-0.0235294117647058,-0.062103594080338276,-0.03158295281582957,11.205,35.49,25.45
2019-06-03,-0.009370816599732268,-0.054099746407438754,-0.027897838899803573,11.1,33.57,24.74
2019-06-04,0.07297297297297312,0.0017873100983021306,0.03395311236863385,11.91,33.63,25.58
2019-06-05,-0.02602854743912686,0.025275052036871637,-0.011727912431587106,11.6,34.48,25.28
2019-06-06,-0.04267241379310338,-0.010150812064965042,-0.007515822784810222,11.105,34.13,25.09
2019-06-07,0.03737055380459253,-0.04980955171403467,0.022718214428059103,11.52,32.43,25.66
2019-06-10,0.02473958333333326,0.020043169904409464,0.02727981293842552,11.805,33.08,26.36
2019-06-11,-0.05124947056332063,0.027206771463119672,-0.00948406676783009,11.2,33.98,26.11
2019-06-12,-0.005357142857142727,-0.014420247204237624,-0.007276905400229738,11.14,33.49,25.92
2019-06-13,0.022890484739676698,0.002985965959988013,0.005015432098765427,11.395,33.59,26.05
2019-06-14,-0.006581834137779685,0.002679368859779485,0.0038387715930900956,11.32,33.68,26.15
2019-06-17,0.022084805653710182,-0.02108076009501192,-0.0011472275334607485,11.57,32.97,26.12
2019-06-18,-0.04624027657735519,0.008189262966333155,0.003828483920367498,11.035,33.24,26.22
2019-06-19,-0.049841413683733626,0.0009025270758122872,-0.005720823798626928,10.485,33.27,26.07
2019-06-20,-0.03195040534096316,-0.004508566275924442,0.004986574606827832,10.15,33.12,26.2
2019-06-21,0.020197044334975267,-0.01207729468599028,0.008396946564885654,10.355,32.72,26.42
2019-06-24,-0.014968614196040675,0.0006112469437653534,0.042013626040878105,10.2,32.74,27.53
2019-06-25,-0.03480392156862733,-0.006719609040928498,0.0039956411187795915,9.845,32.52,27.64
2019-06-26,-0.022854240731335795,-0.005535055350553542,0.03654124457308239,9.62,32.34,28.65
2019-06-27,-0.025467775467775344,0.004019789734075241,-0.017452006980802848,9.375,32.47,28.15
2019-06-28,0.0789333333333333,-0.004619648906683094,-0.023090586145648295,10.115,32.32,27.5
2019-07-01,0.02471576866040537,0.09096534653465338,0.024363636363636365,10.365,35.26,28.17
2019-07-02,-0.013506994693680663,0.029778786159954773,-0.006744763933262399,10.225,36.31,27.98
2019-07-03,0.0068459657701711585,-0.012117873863949469,-0.0071479628305932685,10.295,35.87,27.78
2019-07-05,0.08936376881981545,0.029829941455255193,-0.003959683225341903,11.215,36.94,27.67
2019-07-08,0.0592955862683906,0.02842447211694643,0.017708709794000743,11.88,37.99,28.16
2019-07-09,-0.010101010101010166,0.01210844959199786,-0.009232954545454586,11.76,38.45,27.9
2019-07-10,0.03188775510204089,0.0033810143042911633,0.06272401433691766,12.135,38.58,29.65
2019-07-11,0.08199423156159868,0.01969932607568703,0.002023608768971341,13.13,39.34,29.71
2019-07-12,0.011424219345011366,-0.002796136248093717,0.01851228542578265,13.28,39.23,30.26
2019-07-15,-0.02899096385542166,0.05455008921743576,0.009914077990746728,12.895,41.37,30.56
2019-07-16,-0.11477316789453285,-0.018370800096688344,-0.018979057591622994,11.415,40.61,29.98
2019-07-17,-0.03723171265878222,0.0032011819748831716,0.0,10.99,40.74,29.98
2019-07-18,-0.023202911737943643,-0.02528227785959747,-0.023348899266177447,10.735,39.71,29.28
2019-07-19,0.007452258965999103,0.0012591286829513049,0.037568306010928865,10.815,39.76,30.38
2019-07-22,-0.060564031437817745,-0.006036217303822755,0.0039499670836076195,10.16,39.52,30.5
2019-07-23,0.05807086614173218,-0.0022773279352227283,0.027213114754098378,10.75,39.43,31.33
2019-07-24,-0.0627906976744187,-0.0010144559979711198,-0.02010852218321091,10.075,39.39,30.7
2019-07-25,-0.004962779156327479,0.006854531607006775,-0.006188925081433205,10.025,39.66,30.51
2019-07-26,-0.0059850374064838174,-0.0015128593040846239,-0.024909865617830262,9.965,39.6,29.75
2019-07-29,-0.015554440541896586,-0.003030303030303161,0.003361344537815114,9.81,39.48,29.85
2019-07-30,-0.0020387359836901986,0.005319148936170137,-0.018760469011725345,9.79,39.69,29.29
2019-07-31,0.12359550561797761,-0.0017636684303351524,0.003072721065209949,11.0,39.62,29.38
2019-08-01,0.12363636363636354,0.0027763755678948954,0.049353301565690844,12.36,39.73,30.83
2019-08-02,-0.027912621359223233,-0.0017618927762396153,-0.007135906584495588,12.015,39.66,30.61
2019-08-05,-0.045776113191843604,-0.05572365103378707,-0.018621365566808268,11.465,37.45,30.04
2019-08-06,-0.04491931966855656,-0.03471295060080115,-0.011318242343541951,10.95,36.15,29.7
2019-08-07,0.0420091324200913,-0.02517289073305662,-0.004713804713804781,11.41,35.24,29.56
2019-08-08,0.05828220858895694,0.0019863791146423893,0.007442489851150258,12.075,35.31,29.78
2019-08-09,-0.0041407867494822614,0.007929764939110795,-0.0141034251175286,12.025,35.59,29.36
2019-08-12,-0.05031185031185037,0.033155380724922745,-0.04938692098092645,11.42,36.77,27.91
2019-08-13,0.038528896672504365,-0.01196627685613283,0.013973486205661079,11.86,36.33,28.3
2019-08-14,-0.05733558178752107,-0.0011010184420588986,-0.00636042402826853,11.18,36.29,28.12
2019-08-15,0.004025044722719029,-0.00027555800496004146,-0.03271692745376964,11.225,36.28,27.2
2019-08-16,-0.02405345211581289,-0.0035832414553473857,-0.0018382352941176405,10.955,36.15,27.15
2019-08-19,-0.015518028297580977,-0.006915629322268302,0.021362799263351828,10.785,35.9,27.73
2019-08-20,0.039870190078813206,0.009749303621169991,-0.01117922827262885,11.215,36.25,27.42
2019-08-21,0.01783325902808741,-0.00027586206896546006,-0.009117432530999281,11.415,36.24,27.17
2019-08-22,-0.03723171265878222,0.0033112582781456013,-0.013249907986750187,10.99,36.36,26.81
2019-08-23,-0.03685168334849853,-0.007700770077007757,-0.021260723610593057,10.585,36.08,26.24
2019-08-26,-0.025507794048181487,0.016075388026607573,0.027820121951219523,10.315,36.66,26.97
2019-08-27,-0.023751817741153536,0.007637752318603308,-0.01631442343344447,10.07,36.94,26.53
2019-08-28,0.01638530287984108,-0.0021656740660530582,0.021862042970222317,10.235,36.86,27.11
2019-08-29,0.04689789936492428,0.0013564839934887551,0.016230173367761003,10.715,36.91,27.55
2019-08-30,0.19412039197386832,-0.0016255757247357616,-0.006533575317604345,12.795,36.85,27.37
2019-09-03,-0.05431809300508017,-0.04531886024423337,-0.04238217025940816,12.1,35.18,26.21
2019-09-04,-0.01157024793388417,0.018476407049459853,0.009919877909194907,11.96,35.83,26.47
2019-09-05,0.022993311036789255,-0.0011163829193413521,0.0003777861730260845,12.235,35.79,26.48
2019-09-06,0.009399264405394403,0.010617490919251349,-0.016238670694864066,12.35,36.17,26.05
2019-09-09,-0.009311740890688314,0.017417749516173586,-0.003071017274472232,12.235,36.8,25.97
2019-09-10,0.17736003269309353,0.012771739130434945,0.06623026569118218,14.405,37.27,27.69
2019-09-11,-0.003471017007983246,0.014757177354440598,-0.015167930660888507,14.355,37.82,27.27
2019-09-12,0.00766283524904221,-0.021946060285563118,0.005500550055005604,14.465,36.99,27.42
2019-09-13,0.016937435188385752,-0.007299270072992803,-0.0014587892049600093,14.71,36.72,27.38
2019-09-16,0.04248810333106734,0.03404139433551201,0.025200876552228024,15.335,37.97,28.07
2019-09-17,-0.12357352461688953,-0.01501185146168027,-0.02956893480584255,13.44,37.4,27.24
2019-09-18,-0.0747767857142857,-0.022459893048128232,-0.02826725403817909,12.435,36.56,26.47
2019-09-19,-0.014475271411338975,0.003282275711159688,0.019267094824329423,12.255,36.68,26.98
2019-09-20,0.03712770297837609,-0.005452562704471142,0.022609340252038423,12.71,36.48,27.59
2019-09-23,-0.03658536585365868,-0.002467105263157743,-0.02718376223269303,12.245,36.39,26.84
2019-09-24,0.007758268681094416,-0.011541632316570571,-0.009687034277198303,12.34,35.97,26.58
2019-09-25,-0.031604538087520284,-0.0136224631637476,-0.012039127163280594,11.95,35.48,26.26
2019-09-26,0.00794979079497904,-0.005073280721533235,0.01637471439451632,12.045,35.3,26.69
2019-09-27,-0.008717310087173136,0.011614730878187096,-0.013113525665043091,11.94,35.71,26.34
2019-09-30,0.3726968174204357,0.1369364323718847,-0.022019741837509432,16.39,40.6,25.76
2019-10-01,0.022574740695546103,0.00812807881773403,0.01125776397515521,16.76,40.93,26.05
2019-10-02,-0.04504773269689755,-0.014903493769851006,-0.03262955854126681,16.005,40.32,25.2
2019-10-03,0.0003124023742582249,-0.02157738095238093,-0.04087301587301573,16.01,39.45,24.17
2019-10-04,-0.014990630855715281,0.012927756653992262,-0.010757136946628165,15.77,39.96,23.91
2019-10-07,-0.016804058338617534,-0.04629629629629628,0.018402342116269343,15.505,38.11,24.35
2019-10-08,0.00870686875201554,-0.02492784046182117,-0.03490759753593431,15.64,37.16,23.5
2019-10-09,-0.004156010230179086,0.0010764262648010892,0.004255319148936287,15.575,37.2,23.6
2019-10-10,0.017656500802568198,-0.0037634408602150726,0.024576271186440568,15.85,37.06,24.18
2019-10-11,0.017981072555205202,0.002698327037236714,0.048800661703887416,16.135,37.16,25.36
2019-10-14,-0.005887821506042945,0.006727664155005364,-0.011829652996845463,16.04,37.41,25.06
2019-10-15,0.0015586034912720148,0.01710772520716386,0.06304868316041512,16.065,38.05,26.64
2019-10-16,0.0006224712107063546,0.004467805519053902,0.02214714714714705,16.075,38.22,27.23
2019-10-17,-0.0031104199066874783,-0.01439037153322864,-0.008446566287183321,16.025,37.67,27.0
2019-10-18,-0.0037441497659905787,-0.010087602867002943,-0.007407407407407418,15.965,37.29,26.8
2019-10-21,-0.022236141559661804,0.0002681684097611825,0.0011194029850745135,15.61,37.3,26.83
2019-10-22,-0.000960922485586102,-0.0032171581769436797,-0.011554230339172467,15.595,37.18,26.52
2019-10-23,-0.011542160949022273,-0.0016137708445401744,-0.03506787330316741,15.415,37.12,25.59
2019-10-24,0.015569250729808637,0.006196120689655249,0.02696365767878084,15.655,37.35,26.28
2019-10-25,-0.026828489300542935,-0.0072289156626507145,-0.0182648401826484,15.235,37.08,25.8
2019-10-28,-0.05546439120446334,-0.003236245954692518,0.005038759689922401,14.39,36.96,25.93
2019-10-29,-0.03856845031271716,0.0,0.012340917855765632,13.835,36.96,26.25
2019-10-30,-0.003975424647632897,-0.00054112554112562,0.019428571428571573,13.78,36.94,26.76
2019-10-31,0.17089985486211923,0.12750406063887398,-0.015321375186846065,16.135,41.65,26.35
2019-11-01,0.0024790827393863513,0.007923169267707086,-0.012523719165085434,16.175,41.98,26.02
2019-11-04,0.018856259659969066,-0.016674606955693116,0.013451191391237627,16.48,41.28,26.37
2019-11-05,0.018810679611650505,0.02446705426356588,-0.004929844520288329,16.79,42.29,26.24
2019-11-06,-0.030375223347230418,-0.020572239300070905,-0.027439024390243816,16.28,41.42,25.52
2019-11-07,-0.009828009828009798,-0.011830033800096618,0.005094043887147404,16.12,40.93,25.65
2019-11-08,-0.011166253101737023,0.005375030539946257,-0.0035087719298245723,15.94,41.15,25.56
2019-11-11,-0.005959849435382636,0.0490886998784934,0.0035211267605632646,15.845,43.17,25.65
2019-11-12,-0.018933417481855508,-0.018763029881862403,-0.03196881091617931,15.545,42.36,24.83
2019-11-13,-0.006111289803795494,-0.01770538243626063,0.010873942811115755,15.45,41.61,25.1
2019-11-14,0.014239482200647302,-0.004806536890170743,-0.01713147410358562,15.67,41.41,24.67
2019-11-15,0.002871729419272384,-0.007727602028495317,-0.004053506282934771,15.715,41.09,24.57
2019-11-18,-0.0308622335348393,-0.013385251886103733,-0.017908017908017992,15.23,40.54,24.13
2019-11-19,0.003939592908732692,0.0022200296003946907,0.0016576875259015633,15.29,40.63,24.17
2019-11-20,0.01962066710268151,-0.0036918533103619255,0.023996690111708574,15.59,40.48,24.75
2019-11-21,0.0022450288646569394,0.0012351778656127799,-0.0036363636363636598,15.625,40.53,24.66
2019-11-22,0.027200000000000113,0.004441154700222105,0.02635847526358459,16.05,40.71,25.31
2019-11-25,0.011526479750778806,0.002210759027265974,-0.005926511260371359,16.235,40.8,25.16
2019-11-26,-0.023714197720973162,0.001225490196078427,-0.001987281399046137,15.85,40.85,25.11
2019-11-27,0.008201892744479578,0.0007343941248469932,0.02907208283552376,15.98,40.88,25.84
2019-11-29,0.021902377972465414,0.0029354207436398383,0.0038699690402477227,16.33,41.0,25.94
2019-12-02,-0.03184323331292083,-0.1170731707317072,-0.03392444101773329,15.81,36.2,25.06
2019-12-03,-0.0025300442757748565,0.0,-0.012769353551476459,15.77,36.2,24.74
2019-12-04,0.0069752694990488084,-0.038674033149171394,0.029911075181891844,15.88,34.8,25.48
2019-12-05,-0.029282115869017744,-0.04913793103448261,-0.00196232339089486,15.415,33.09,25.43
2019-12-06,-0.01783976646123897,-0.011483831973405967,0.009830908375934033,15.14,32.71,25.68
2019-12-09,-0.01651254953764858,-0.06817487007031486,0.007398753894080956,14.89,30.48,25.87
2019-12-10,-0.02417730020147757,0.038385826771653475,-0.007344414379590325,14.53,31.65,25.68
2019-12-11,-0.03337921541637989,-0.018009478672985746,-0.01908099688473519,14.045,31.08,25.19
2019-12-12,0.051619793520825796,-0.013513513513513487,0.02381897578404124,14.77,30.66,25.79
2019-12-13,-0.06533513879485442,0.030984996738421478,-0.041876696393951085,13.805,31.61,24.71
2019-12-16,0.00615718942412169,-0.010756089844985772,0.03278025091056258,13.89,31.27,25.52
2019-12-17,0.0410367170626349,0.043172369683402545,0.04271159874608155,14.46,32.62,26.61
2019-12-18,0.03388658367911468,0.02728387492335993,0.019541525742202248,14.95,33.51,27.13
2019-12-19,0.003678929765886352,-0.001790510295434089,0.009214891264283098,15.005,33.45,27.38
2019-12-20,-0.05131622792402546,-0.021225710014947663,-0.006208911614316914,14.235,32.74,27.21
2019-12-23,-0.08500175623463291,0.020769700671960933,-0.004777655273796477,13.025,33.42,27.08
2019-12-24,-0.032245681381957714,-0.0017953321364453378,-0.01698670605612984,12.605,33.36,26.62
2019-12-26,0.0,0.0,0.0,12.605,33.36,26.62
2019-12-27,0.012693375644585503,-0.003597122302158251,0.02366641622839971,12.765,33.24,27.25
2019-12-30,-0.03681942812377603,0.004512635379061436,-0.05944954128440372,12.295,33.39,25.63
2019-12-31,-0.019926799511996718,0.09164420485175206,-0.0175575497463909,12.05,36.45,25.18
2020-01-02,0.0020746887966804906,-0.01865569272976675,-0.011119936457505974,12.075,35.77,24.9
2020-01-03,0.07536231884057965,0.04249370981269207,0.024096385542168752,12.985,37.29,25.5
2020-01-06,-0.054293415479399365,-0.02923035666398488,-0.029803921568627545,12.28,36.2,24.74
2020-01-07,-0.028501628664495127,-0.0176795580110497,0.012934518997574695,11.93,35.56,25.06
2020-01-08,0.002933780385582674,-0.024465691788526533,-0.018355945730247347,11.965,34.69,24.6
2020-01-09,0.017969076473046464,0.004900547708273306,0.024390243902439046,12.18,34.86,25.2
2020-01-10,-0.019704433497536922,-0.010900745840504933,-0.018650793650793585,11.94,34.48,24.73
2020-01-13,0.009631490787269659,-0.0058004640371228655,-0.0028305701577031606,12.055,34.28,24.66
2020-01-14,-0.062214848610535056,-0.03354725787631263,-0.011759935117599318,11.305,33.13,24.37
2020-01-15,-0.0110570544007077,-0.007847872019318025,0.02749281903980294,11.18,32.87,25.04
2020-01-16,-0.005813953488372103,-0.00790994828110736,0.01317891373801916,11.115,32.61,25.37
2020-01-17,-0.016644174538911427,-0.00030665440049060244,0.02364998029168297,10.93,32.6,25.97
2020-01-21,-0.014181152790484819,0.03343558282208581,-0.02002310358105508,10.775,33.69,25.45
2020-01-22,-0.029698375870069627,0.009201543484713692,0.003929273084479323,10.455,34.0,25.55
2020-01-23,-0.002391200382592107,0.013235294117647234,-0.013307240704500956,10.43,34.45,25.21
2020-01-24,0.0023969319271333056,0.013642960812772165,-0.013486711622372027,10.455,34.92,24.87
2020-01-27,0.006695361071257899,-0.0008591065292096189,0.007237635705669376,10.525,34.89,25.05
2020-01-28,0.0251781472684085,0.0071653768988249045,0.001996007984031989,10.79,35.14,25.1
2020-01-29,-0.059314179796107425,-0.00313033579965849,-0.026693227091633576,10.15,35.03,24.43
2020-01-30,-0.03645320197044344,-0.0034256351698545018,-0.010642652476463232,9.78,34.91,24.17
2020-01-31,-0.002556237218813706,-0.11200229160698927,0.005792304509722568,9.755,31.0,24.31
2020-02-03,-0.05586878523833927,-0.07161290322580638,-0.027972027972027913,9.21,28.78,23.63
2020-02-04,0.016829533116178075,-0.023280055594162685,0.006347862886161737,9.365,28.11,23.78
2020-02-05,-0.005339028296850068,-0.013162575595873416,0.01724137931034475,9.315,27.74,24.19
2020-02-06,-0.017713365539452353,-0.006488824801730297,-0.008681273253410504,9.15,27.56,23.98
2020-02-07,-0.008743169398907069,-0.02685050798258337,-0.009591326105087616,9.07,26.82,23.75
2020-02-10,-0.04685777287761861,-0.15100671140939603,-0.007157894736842141,8.645,22.77,23.58
2020-02-11,-0.010410641989589298,0.039086517347386884,0.006785411365564098,8.555,23.66,23.74
2020-02-12,0.0192869666861486,0.015215553677092153,0.024010109519797762,8.72,24.02,24.31
2020-02-13,0.019495412844036775,0.004163197335553814,0.020979020979021046,8.89,24.12,24.82
2020-02-14,-0.0011248593925758943,-0.056799336650082966,-0.004431909750201468,8.88,22.75,24.71
2020-02-18,0.056306306306306286,-0.05142857142857149,0.03439902873330625,9.38,21.58,25.56
2020-02-19,0.02025586353944564,0.009731232622798958,0.02230046948356801,9.57,21.79,26.13
2020-02-20,-0.0005224660397075143,-0.019274896741624525,-0.0026789131266743427,9.565,21.37,26.06
2020-02-21,-0.016204913748039673,-0.0009358914365933391,-0.001151189562547894,9.41,21.35,26.03
2020-02-24,-0.038788522848034024,0.032318501170960134,-0.03956972723780261,9.045,22.04,25.0
2020-02-25,-0.004422332780541605,-0.004083484573502716,-0.015199999999999991,9.005,21.95,24.62
2020-02-26,0.0072182121043864456,0.008200455580865684,0.0028432168968317573,9.07,22.13,24.69
2020-02-27,-0.02205071664829117,-0.00542250338906447,-0.02713649250708794,8.87,22.01,24.02
2020-02-28,0.0005636978579481866,-0.004089050431621999,0.0,8.875,21.92,24.02
2020-03-02,0.0011267605633802358,0.3389598540145986,-0.003746877601998322,8.885,29.35,23.93
2020-03-03,0.032076533483399006,-0.02419080068143098,-0.006686167989970793,9.17,28.64,23.77
2020-03-04,-0.028353326063249695,-0.0380586592178771,0.019772822885990804,8.91,27.55,24.24
2020-03-05,-0.006734006734006814,0.010526315789473717,-0.0012376237623761277,8.85,27.84,24.21
2020-03-06,-0.023163841807909646,0.007902298850574585,-0.01569599339116079,8.645,28.06,23.83
2020-03-09,-0.0023134759976864983,0.049180327868852514,-0.00629458665547622,8.625,29.44,23.68
2020-03-10,0.04289855072463755,0.004415760869565188,0.03462837837837829,8.995,29.57,24.5
2020-03-11,0.041689827682045655,-0.025363544132566807,-0.0065306122448979265,9.37,28.82,24.34
2020-03-12,-0.0048025613660619415,-0.005204718945176934,-0.056696795398520905,9.325,28.67,22.96
2020-03-13,-0.004289544235924869,-0.01848622253226373,-0.025261324041811917,9.285,28.14,22.38
2020-03-16,-0.05869682283252553,-0.11727078891258003,-0.10723860589812328,8.74,24.84,19.98
2020-03-17,-0.03089244851258577,-0.022946859903381633,-0.04654654654654655,8.47,24.27,19.05
2020-03-18,-0.024203069657615095,-0.01689328388957556,-0.15380577427821518,8.265,23.86,16.12
2020-03-19,0.033877797943133725,-0.018440905280804554,0.06637717121588094,8.545,23.42,17.19
2020-03-20,-0.029256875365710977,-0.0076857386848848686,-0.02036067481093662,8.295,23.24,16.84
2020-03-23,-0.05364677516576255,-0.050344234079173766,-0.03325415676959609,7.85,22.07,16.28
2020-03-24,0.007643312101910826,0.013593112822836373,0.07493857493857492,7.91,22.37,17.5
2020-03-25,-0.020859671302149163,0.0013410818059900187,0.0405714285714287,7.745,22.4,18.21
2020-03-26,-0.021949644932214296,-0.007589285714285632,-0.008237232289950658,7.575,22.23,18.06
2020-03-27,-0.04686468646864694,0.0004498425551056062,-0.052602436323366475,7.22,22.24,17.11
2020-03-30,-0.045013850415512535,0.01124100719424459,0.039158386908240805,6.895,22.49,17.78
2020-03-31,0.0007251631617115617,-0.22143174744330796,0.03599550056242973,6.9,17.51,18.42
2020-04-01,-0.010869565217391353,-0.1136493432324387,-0.03148751357220425,6.825,15.52,17.84
2020-04-02,0.01611721611721606,0.040592783505154495,0.05493273542600896,6.935,16.15,18.82
2020-04-03,-0.002162941600576729,-0.011145510835913197,-0.004782146652497321,6.92,15.97,18.73
2020-04-06,0.05274566473988451,0.128991859737007,0.13027229044313948,7.285,18.03,21.17
2020-04-07,0.0,0.0798668885191347,0.006140765233821455,7.285,19.47,21.3
2020-04-08,-0.0034317089910775866,-0.06779661016949157,0.029577464788732355,7.26,18.15,21.93
2020-04-09,0.0027548209366392573,0.11184573002754838,-0.0031919744642042724,7.28,20.18,21.86
2020-04-14,-0.055631868131868156,-0.0847373637264619,-0.05901189387008232,6.875,18.47,20.57
2020-04-15,-0.032727272727272716,-0.06226312939902534,-0.0267379679144385,6.65,17.32,20.02
2020-04-16,0.03834586466165413,-0.0051963048498845366,0.08341658341658342,6.905,17.23,21.69
2020-04-17,0.01303403330919628,0.05803830528148568,0.036422314430613056,6.995,18.23,22.48
2020-04-20,-0.053609721229449625,-0.09160724081184868,-0.014679715302491236,6.62,16.56,22.15
2020-04-21,-0.04607250755287007,-0.003019323671497376,-0.06817155756207671,6.315,16.51,20.64
2020-04-22,-0.014251781472684244,0.019987886129618326,0.03924418604651159,6.225,16.84,21.45
2020-04-23,-0.027309236947791193,0.06057007125890723,0.01724941724941731,6.055,17.86,21.82
2020-04-24,-0.04706853839801817,-0.011758118701007847,-0.013290559120073264,5.77,17.65,21.53
2020-04-27,0.029462738301559988,-0.026628895184135914,-0.02043660009289372,5.94,17.18,21.09
2020-04-28,0.03451178451178438,-0.008731082654249045,-0.0023707918444760834,6.145,17.03,21.04
2020-04-29,-0.0211554109031733,0.0035231943628888374,-0.0019011406844106071,6.015,17.09,21.0
2020-04-30,0.03408146300914372,0.17788180222352246,-0.02904761904761899,6.22,20.13,20.39
2020-05-01,-0.060289389067524124,-0.005464480874316946,-0.02893575282000982,5.845,20.02,19.8
2020-05-04,-0.017964071856287345,-0.04195804195804198,0.019191919191919204,5.74,19.18,20.18
2020-05-05,-0.011324041811846763,0.012513034410844837,-0.012884043607532147,5.675,19.42,19.92
2020-05-06,0.01585903083700435,-0.02059732234809486,-0.004518072289156794,5.765,19.02,19.83
2020-05-07,0.013876843018213458,-0.001051524710830698,0.026222894604135405,5.845,19.0,20.35
2020-05-08,-0.0025662959794695572,-0.020526315789473726,-0.008845208845208785,5.83,18.61,20.17
2020-05-11,-0.021440823327615766,0.07146695325094043,-0.015369360436291668,5.705,19.94,19.86
2020-05-12,-0.06836108676599473,0.0020060180541623396,-0.02769385699899296,5.315,19.98,19.31
2020-05-13,-0.03668861712135474,-0.04604604604604612,0.007767995857068888,5.12,19.06,19.46
2020-05-14,0.0283203125,0.024658971668415575,0.008221993833504637,5.265,19.53,19.62
2020-05-15,-0.008547008547008517,0.0020481310803890374,0.017329255861366022,5.22,19.57,19.96
2020-05-18,-0.05747126436781602,-0.0005109862033726431,0.059118236472945895,4.92,19.56,21.14
2020-05-19,-0.06300813008130068,0.004601226993865115,-0.01797540208136228,4.61,19.65,20.76
2020-05-20,-0.03253796095444694,-0.05445292620865139,0.06262042389209999,4.46,18.58,22.06
2020-05-21,-0.1423766816143497,-0.006996770721205525,-0.004079782411604671,3.825,18.45,21.97
2020-05-22,0.01699346405228752,0.01084010840108407,0.010013654984069253,3.89,18.65,22.19
2020-05-26,0.06041131105398456,-0.04021447721179627,0.009463722397476282,4.125,17.9,22.4
2020-05-27,-0.10424242424242425,-0.012290502793296021,-0.012053571428571441,3.695,17.68,22.13
2020-05-28,-0.05006765899864685,0.002828054298642524,-0.004066877541798464,3.51,17.73,22.04
2020-06-01,0.1552706552706553,0.15115623237450637,-0.013157894736842035,4.055,20.41,21.75
2020-06-02,0.19605425400739818,0.08770210681038693,0.05011494252873572,4.85,22.2,22.84
2020-06-03,0.09896907216494855,0.0914414414414415,0.0004378283712784814,5.33,24.23,22.85
2020-06-04,0.011257035647279423,0.009905076351630182,0.005689277899343592,5.39,24.47,22.98
2020-06-05,0.05936920222634523,0.08009807928075197,0.045256744995648246,5.71,26.43,24.02
2020-06-08,-0.08056042031523647,0.036700718880060546,-0.02248126561198993,5.25,27.4,23.48
2020-06-09,-0.08476190476190482,-0.04562043795620441,-0.010221465076661107,4.805,26.15,23.24
2020-06-10,-0.0010405827263266776,-0.009942638623326894,0.018932874354561147,4.8,25.89,23.68
2020-06-11,0.039583333333333526,-0.010428736964078755,-0.027027027027027084,4.99,25.62,23.04
2020-06-12,0.05711422845691394,0.004293520686963204,-0.011284722222222099,5.275,25.73,22.78
2020-06-15,0.04549763033175336,-0.003497862417411568,0.0065847234416154254,5.515,25.64,22.93
2020-06-16,-0.04623753399818675,0.03003120124804992,0.027038813781072868,5.26,26.41,23.55
2020-06-17,-0.009505703422053147,-0.03332071185157137,-0.001273885350318471,5.21,25.53,23.52
2020-06-18,0.04606525911708248,0.017234625930278025,0.07270408163265318,5.45,25.97,25.23
2020-06-19,0.03027522935779814,0.011166730843280792,-0.012286959968291655,5.615,26.26,24.92
2020-06-22,-0.021371326803205748,0.021325209444021276,0.014446227929374,5.495,26.82,25.28
2020-06-23,0.060964513193812575,0.012677106636838076,0.03441455696202511,5.83,27.16,26.15
2020-06-24,-0.028301886792452824,-0.00994108983799702,-0.00038240917782017547,5.665,26.89,26.14
2020-06-25,-0.07237422771403357,-0.004462625511342577,-0.008416220351950998,5.255,26.77,25.92
2020-06-26,-0.028544243577545148,-0.009712364587224465,-0.017746913580246937,5.105,26.51,25.46
2020-06-29,0.14397649363369225,-0.01320256506978501,0.07423409269442272,5.84,26.16,27.35
2020-06-30,0.05565068493150682,0.22706422018348627,0.012065813528336244,6.165,32.1,27.68
2020-07-01,-0.048661800486617945,-0.057320872274143286,0.026734104046242768,5.865,30.26,28.42
2020-07-02,0.01364023870417741,0.006278916060806328,-0.01161154116819152,5.945,30.45,28.09
2020-07-06,0.025231286795626584,0.02298850574712641,0.08330366678533285,6.095,31.15,30.43
2020-07-07,0.004922067268252617,0.053290529695024125,-0.010187315149523424,6.125,32.81,30.12
2020-07-08,-0.031020408163265345,-0.015848826577263164,-0.0019920318725100694,5.935,32.29,30.06
2020-07-09,-0.03032855939342871,-0.010839269123567585,-0.022954091816367206,5.755,31.94,29.37
2020-07-10,-0.04865334491746309,-0.03099561678146534,0.013959822948587108,5.475,30.95,29.78
2020-07-13,-0.06666666666666654,0.039741518578352286,0.012088650100738674,5.11,32.18,30.14
2020-07-14,-0.004892367906066619,-0.026103169670602888,0.010617120106171107,5.085,31.34,30.46
2020-07-15,0.027531956735496577,-0.012444160816847516,-0.024950755088640864,5.225,30.95,29.7
2020-07-16,-0.03157894736842104,-0.0042003231017769815,-0.06835016835016827,5.06,30.82,27.67
2020-07-17,0.010869565217391353,-0.004218040233614495,0.03939284423563416,5.115,30.69,28.76
2020-07-20,-0.07526881720430101,-0.014662756598240567,-0.05771905424200274,4.73,30.24,27.1
2020-07-21,0.012684989429175397,0.0036375661375662727,0.015129151291512821,4.79,30.35,27.51
2020-07-22,0.008350730688935215,-0.010214168039538785,0.0007270083605961375,4.83,30.04,27.53
2020-07-23,0.03209109730848869,0.020639147802929525,0.025426807119506067,4.985,30.66,28.23
2020-07-24,0.005015045135406071,-0.004240052185257581,-0.0340063761955367,5.01,30.53,27.27
2020-07-27,-0.04491017964071853,-0.023910907304290907,-0.049871653832049834,4.785,29.8,25.91
2020-07-28,0.03657262277951934,0.002013422818791799,0.029332304129679798,4.96,29.86,26.67
2020-07-29,0.043346774193548265,0.005358338914936311,0.017247844019497416,5.175,30.02,27.13
2020-07-30,0.009661835748792313,0.0013324450366423157,-0.023958717287135944,5.225,30.06,26.48
2020-07-31,0.15311004784689008,0.11543579507651369,0.027945619335347338,6.025,33.53,27.22
2020-08-03,0.12863070539419086,0.029525797793021225,-0.005143277002204294,6.8,34.52,27.08
2020-08-04,0.08161764705882368,-0.013035921205098555,0.024741506646972056,7.355,34.07,27.75
2020-08-05,-0.0047586675730795225,-0.01584972116231287,-0.00216216216216214,7.32,33.53,27.69
2020-08-06,0.08469945355191255,0.014017297942141349,-0.014084507042253502,7.94,34.0,27.3
2020-08-07,-0.0012594458438287548,-0.003529411764705781,0.00073260073260073,7.93,33.88,27.32
2020-08-10,-0.04287515762925598,-0.02007083825265643,0.01024890190336758,7.59,33.2,27.6
2020-08-11,-0.02305665349143604,-0.0066265060240965346,-0.018840579710145078,7.415,32.98,27.08
2020-08-12,-0.03304113283884025,-0.05518496058217093,-0.0077548005908418816,7.17,31.16,26.87
2020-08-13,0.019525801952580135,0.031771501925545564,-0.021213248976553745,7.31,32.15,26.3
2020-08-14,0.09712722298221621,-0.007465007776049748,0.0022813688212928174,8.02,31.91,26.36
2020-08-17,0.01995012468827939,0.053588216859918436,0.03072837632776948,8.18,33.62,27.17
2020-08-18,0.04523227383863082,0.0005948839976206433,0.00883327199116657,8.55,33.64,27.41
2020-08-19,-0.02280701754385972,-0.014268727705113116,-0.012039401678219708,8.355,33.16,27.08
2020-08-20,-0.024536205864751692,-0.005428226779252143,-0.012186115214180115,8.15,32.98,26.75
2020-08-21,-0.06503067484662584,-0.01182534869617935,-0.010093457943925244,7.62,32.59,26.48
2020-08-24,0.09711286089238835,0.01595581466707574,0.06948640483383683,8.36,33.11,28.32
2020-08-25,0.060406698564593464,0.022349743279975964,0.0402542372881356,8.865,33.85,29.46
2020-08-26,0.0321489001692048,0.019202363367799125,0.0006788866259335169,9.15,34.5,29.48
2020-08-27,-0.030601092896174964,0.002608695652174031,-0.008480325644504738,8.87,34.59,29.23
2020-08-28,0.2593010146561443,0.0028910089621276835,0.03934314060896327,11.17,34.69,30.38
2020-08-31,0.006266786034019756,0.16431248198328063,-0.02797893350888736,11.24,40.39,29.53
2020-09-01,0.0048932384341637825,-0.03565238920524871,-0.031154757873349204,11.295,38.95,28.61
2020-09-02,-0.0163789287295264,-0.0017971758664955262,0.015728766165676422,11.11,38.88,29.06
2020-09-03,0.056255625562556366,0.005401234567901314,0.016173434273916154,11.735,39.09,29.53
2020-09-04,-0.0046868342564976295,0.016884113584036742,-0.047409414155096585,11.68,39.75,28.13
2020-09-08,-0.07534246575342463,0.018867924528301883,-0.021329541414859543,10.8,40.5,27.53
2020-09-09,-0.006018518518518645,-0.024938271604938222,0.014892844169996478,10.735,39.49,27.94
2020-09-10,-0.020493712156497312,0.02557609521397808,0.04330708661417315,10.515,40.5,29.15
2020-09-11,-0.0019020446980505534,0.0,-0.005488850771869669,10.495,40.5,28.99
2020-09-14,0.020009528346832006,0.05111111111111111,0.07623318385650224,10.705,42.57,31.2
2020-09-15,0.017748715553479677,0.0023490721165140283,-0.021474358974358898,10.895,42.67,30.53
2020-09-16,0.03900871959614505,-0.015936254980079667,0.005895840157222443,11.32,41.99,30.71
2020-09-17,-0.017667844522968323,-0.00952607763753266,-0.05144903940084666,11.12,41.59,29.13
2020-09-18,0.031924460431654644,-0.006972830007213382,-0.015447991761071034,11.475,41.3,28.68
2020-09-21,0.0017429193899782813,0.026634382566586012,-0.05683403068340298,11.495,42.4,27.05
2020-09-22,0.018268812527185707,-0.01297169811320753,0.05249537892791123,11.705,41.85,28.47
2020-09-23,0.02691157624946605,0.021027479091995094,-0.04741833508956794,12.02,42.73,27.12
2020-09-24,-0.03202995008319465,0.013339574069740179,0.010324483775811188,11.635,43.3,27.4
2020-09-25,0.0025784271594326835,0.007621247113164031,-0.02372262773722622,11.665,43.63,26.75
2020-09-28,0.05872267466780978,-0.00022920009168014843,0.05719626168224301,12.35,43.62,28.28
2020-09-29,-0.005668016194331993,0.0016047684548372576,-0.032531824611032545,12.28,43.69,27.36
2020-09-30,0.08184039087947892,-0.14328221560997934,0.005116959064327409,13.285,37.43,27.5
2020-10-01,-0.007903650733910417,-0.009350788137857391,-0.01563636363636367,13.18,37.08,27.07
2020-10-02,-0.011760242792109188,0.0021574973031284195,0.01920945696342824,13.025,37.16,27.59
2020-10-05,0.030326295585412666,0.020721205597416636,-0.0036245016310257894,13.42,37.93,27.49
2020-10-06,-0.008569299552906084,-0.023200632744529437,-0.005456529647144381,13.305,37.05,27.34
2020-10-07,0.030439684329199634,-0.00512820512820511,0.003657644476956934,13.71,36.86,27.44
2020-10-08,0.013858497447118756,-0.008410200759631059,-0.020408163265306256,13.9,36.55,26.88
2020-10-09,-0.01043165467625895,0.0032831737346101786,-0.023809523809523836,13.755,36.67,26.24
2020-10-12,0.006179571065067169,-0.036814835014998715,0.0060975609756097615,13.84,35.32,26.4
2020-10-13,-0.017702312138728304,0.008776896942242374,-0.025000000000000022,13.595,35.63,25.74
2020-10-14,0.020228025009194406,-0.0014033118158855995,0.020979020979021046,13.87,35.58,26.28
2020-10-15,0.026676279740447173,-0.023889825744800475,-0.030441400304414,14.24,34.73,25.48
2020-10-16,0.018258426966292207,-0.0066225165562913135,-0.0031397174254317317,14.5,34.5,25.4
2020-10-19,0.015172413793103523,0.011304347826087024,0.0035433070866142113,14.72,34.89,25.49
2020-10-20,0.01188858695652173,-0.0017196904557180703,-0.022361710474695817,14.895,34.83,24.92
2020-10-21,-0.002014098690835797,-0.016078093597473253,-0.03451043338683801,14.865,34.27,24.06
2020-10-22,0.026236125126135157,0.008170411438575886,0.025768911055694232,15.255,34.55,24.68
2020-10-23,0.01016060308095712,-0.006657018813313931,0.05267423014586714,15.41,34.32,25.98
2020-10-26,-0.03536664503569109,-0.004953379953379966,-0.06274056966897612,14.865,34.15,24.35
2020-10-27,-0.008072653884964698,-0.0002928257686676261,0.008213552361396204,14.745,34.14,24.55
2020-10-28,-0.017633095964733836,-0.0061511423550087985,-0.04195519348268839,14.485,33.93,23.52
2020-10-29,-0.018639972385226078,-0.005894488653109375,0.02678571428571419,14.215,33.73,24.15
2020-10-30,-0.010903974674639438,0.0071153276015416544,0.0016563146997929934,14.06,33.97,24.19
2020-11-02,-0.02880512091038412,0.0435678539888138,-0.0016535758577925774,13.655,35.45,24.15
2020-11-03,0.0007323324789454411,-0.0028208744710860323,0.02939958592132519,13.665,35.35,24.86
2020-11-04,0.016099524332235715,0.002263083451202297,0.02855993563958159,13.885,35.43,25.57
2020-11-05,0.04105149441843725,0.007056167090036647,0.033633163863902915,14.455,35.68,26.43
2020-11-06,-0.038395019024558996,0.015134529147982079,-0.02194475974271659,13.9,36.22,25.85
2020-11-09,-0.003237410071942448,-0.01905024848150183,0.04332688588007727,13.855,35.53,26.97
2020-11-10,0.012991699747383567,-0.015761328454826917,-0.012235817575083408,14.035,34.97,26.64
2020-11-11,0.004275026718917108,-0.039748355733485896,-0.0045045045045045695,14.095,33.58,26.52
2020-11-12,-0.006739978715856743,-0.007444907683144764,-0.007541478129713397,14.0,33.33,26.32
2020-11-13,0.017142857142857126,0.012301230123012319,0.013677811550151908,14.24,33.74,26.68
2020-11-16,0.017907303370786387,0.05453467694131575,0.04160419790104952,14.495,35.58,27.79
2020-11-17,-0.036219385995170605,-0.007026419336706002,-0.026988125224901016,13.97,35.33,27.04
2020-11-18,-0.020758768790264948,-0.012737050665156957,0.02034023668639051,13.68,34.88,27.59
2020-11-19,-0.04824561403508776,0.0005733944954127157,-0.030445813700616164,13.02,34.9,26.75
2020-11-20,-0.00960061443932414,0.002292263610315093,0.01495327102803734,12.895,34.98,27.15
2020-11-23,0.049631640170608726,0.0854774156660949,0.019152854511970574,13.535,37.97,27.67
2020-11-24,0.026967122275581845,0.003687121411640737,0.013371882905673926,13.9,38.11,28.04
2020-11-25,0.0021582733812948174,0.009183941222776104,0.0,13.93,38.46,28.04
2020-11-27,0.039842067480258425,0.010660426417056668,0.01961483594864477,14.485,38.87,28.59
2020-11-30,0.045219192267863306,0.15487522510933882,0.035327037425673335,15.14,44.89,29.6
2020-12-01,-0.015191545574636756,-0.013588772555134798,-0.009121621621621778,14.91,44.28,29.33
2020-12-02,-0.0003353454057679617,-0.030487804878048808,0.02318445277872505,14.905,42.93,30.01
2020-12-03,-0.050989600805098956,0.020498485907290975,-0.018327224258580466,14.145,43.81,29.46
2020-12-04,0.03534817956875225,0.13923761698242387,0.03767820773930741,14.645,49.91,30.57
2020-12-07,-0.01980198019801971,-0.06471648968142651,-0.016355904481517802,14.355,46.68,30.07
2020-12-08,0.006269592476489061,-0.041345329905741246,-0.0016627868307282911,14.445,44.75,30.02
2020-12-09,0.02007615091727244,-0.02055865921787714,0.004663557628247883,14.735,43.83,30.16
2020-12-10,0.05463182897862229,0.01186402007757259,0.039787798408488007,15.54,44.35,31.36
2020-12-11,0.027027027027027195,-0.02412626832018039,-0.01211734693877553,15.96,43.28,30.98
2020-12-14,0.040413533834586346,0.03211645101663585,0.009360877985797211,16.605,44.67,31.27
2020-12-15,0.0373381511592894,0.02104320573091556,0.03709625839462749,17.225,45.61,32.43
2020-12-16,-0.049056603773585006,0.009427757070817888,-0.012334258402713516,16.38,46.04,32.03
2020-12-17,-0.026862026862026878,-0.03583840139009553,0.00561973150171724,15.94,44.39,32.21
2020-12-18,-0.0034504391468004325,-0.03243973867988281,-0.026389320086929513,15.885,42.95,31.36
2020-12-21,0.057286748504878915,0.014668218859138493,-0.007015306122448939,16.795,43.58,31.14
2020-12-22,0.050014885382554386,-0.004359798072510301,0.008028259473346289,17.635,43.39,31.39
2020-12-23,-0.007371703997731904,0.005531228393639065,0.02421153233513862,17.505,43.63,32.15
2020-12-24,0.008283347614967074,0.0,0.0080870917573872,17.65,43.63,32.41
2020-12-28,0.08498583569405094,-0.012606005042402169,0.038568343103980274,19.15,43.08,33.66
2020-12-29,-0.019582245430809442,0.00742804085422466,-0.012180629827688527,18.775,43.4,33.25
2020-12-30,0.011984021304926928,0.0027649769585254003,-0.02496240601503752,19.0,43.52,32.42
2020-12-31,0.006578947368421018,0.2552849264705883,0.01603948180135717,19.125,54.63,32.94
2021-01-04,0.03764705882352937,-0.030203185063152227,0.02884031572556167,19.845,52.98,33.89
2021-01-05,-0.09271856890904506,-0.06851642129105318,-0.021835349660666914,18.005,49.35,33.15
2021-01-06,-0.024437656206609204,0.01175278622087128,0.02051282051282044,17.565,49.93,33.83
2021-01-07,0.09906063193851389,0.05908271580212299,0.033697901271061204,19.305,52.88,34.97
2021-01-08,0.042217042217042255,0.04822239031770037,0.004861309694023541,20.12,55.43,35.14
2021-01-11,0.09965208747514898,0.020746887966804906,-0.01081388730791133,22.125,56.58,34.76
2021-01-12,0.18214689265536732,0.04683633792859676,0.0034522439585731313,26.155,59.23,34.88
2021-01-13,-0.1779774421716689,-0.0682086780347797,-0.028669724770642224,21.5,55.19,33.88
2021-01-14,-0.007674418604651123,-0.021743069396629733,-0.0035419126328218864,21.335,53.99,33.76
2021-01-15,-0.05319896883056019,-0.04260048157066132,-0.05331753554502361,20.2,51.69,31.96
2021-01-19,0.006188118811881083,-0.02321532211259425,0.0419274092615769,20.325,50.49,33.3
2021-01-20,-0.003198031980319649,0.011487423252129147,-0.00540540540540535,20.26,51.07,33.12
2021-01-21,-0.009624876604146126,0.016839631877814787,0.036231884057971175,20.065,51.93,34.32
2021-01-22,0.07076999750809865,0.012131715771230622,0.0037878787878788955,21.485,52.56,34.45
2021-01-25,-0.061670933209215684,0.0022831050228309113,-0.030769230769230882,20.16,52.68,33.39
2021-01-26,-0.03224206349206338,0.0007593014426727773,0.005091344713986201,19.51,52.72,33.56
2021-01-27,0.009738595592003962,-0.0020864946889226355,-0.0014898688915376823,19.7,52.61,33.51
2021-01-28,0.06142131979695442,0.0017107013875690136,0.01969561324977631,20.91,52.7,34.17
2021-02-01,-0.13247250119560017,-0.0681214421252373,-0.03189932689493713,18.14,49.11,33.08
2021-02-02,0.006063947078279952,0.0006108735491754391,0.06378476420798074,18.25,49.14,35.19
2021-02-03,-0.021643835616438345,-0.01770451770451764,0.06990622335890873,17.855,48.27,37.65
2021-02-04,0.014841781013721578,0.018852289206546358,-0.004249667994687845,18.12,49.18,37.49
2021-02-05,0.014348785871964642,0.0481903212688084,0.02507335289410495,18.38,51.55,38.43
2021-02-08,0.09793253536452662,0.0797284190106693,0.010668748373666492,20.18,55.66,38.84
2021-02-09,-0.056243805748265485,-0.0026949335249730755,-0.009011328527291473,19.045,55.51,38.49
2021-02-10,-0.025466001575216723,-0.01261034047919285,0.02779942842296701,18.56,54.81,39.56
2021-02-11,-0.06384698275862066,-0.017879948914431787,-0.014155712841253831,17.375,53.83,39.0
2021-02-12,0.01410071942446045,-0.011889281070035285,0.03282051282051279,17.62,53.19,40.28
2021-02-16,-0.05136208853575486,-0.07633013724384274,-0.028550148957298904,16.715,49.13,39.13
2021-02-17,-0.01046963804965606,-0.005699165479340573,-0.018655762841809476,16.54,48.85,38.4
2021-02-18,0.04776299879081014,0.0122824974411464,0.005468750000000133,17.33,49.45,38.61
2021-02-19,-0.04472013848817069,-0.003842264914054705,-0.023569023569023462,16.555,49.26,37.7
2021-02-22,-0.03594080338266381,-0.01644336175395844,0.014854111405835368,15.96,48.45,38.26
2021-02-23,0.018170426065162948,0.0008255933952527883,0.01855723993727132,16.25,48.49,38.97
2021-02-24,0.008000000000000007,0.00763043926582796,0.01231716705157826,16.38,48.86,39.45
2021-02-25,-0.02716727716727707,-0.003888661481784683,-0.02230671736375167,15.935,48.67,38.57
2021-02-26,-0.015061186068402899,0.001643723032668909,-0.02514907959554058,15.695,48.75,37.6
2021-03-01,0.024530105129021873,-0.13251282051282054,-0.003989361702127603,16.08,42.29,37.45
2021-03-02,-0.013059701492537212,0.003783400331047515,0.03311081441922559,15.87,42.45,38.69
2021-03-03,-0.021739130434782483,-0.008716136631331084,-0.022486430602222773,15.525,42.08,37.82
2021-03-04,0.02608695652173898,-0.0002376425855512565,0.01824431517715497,15.93,42.07,38.51
2021-03-05,0.02730696798493404,0.020917518421678105,0.02207218904180741,16.365,42.95,39.36
2021-03-08,-0.013137794072716202,-0.022817229336437816,0.0027947154471543723,16.15,41.97,39.47
2021-03-09,0.04798761609907132,0.024541339051703526,0.03825690397770454,16.925,43.0,40.98
2021-03-10,0.04165435745937951,0.03395348837209311,0.021717911176183602,17.63,44.46,41.87
2021-03-11,0.028077141236528602,0.021592442645074206,0.00955337950800117,18.125,45.42,42.27
2021-03-12,0.017931034482758568,0.010347864376926363,0.02176484504376619,18.45,45.89,43.19
2021-03-15,-0.028184281842818404,0.021573327522335983,-0.010650613567955602,17.93,46.88,42.73
2021-03-16,-0.015058561070831034,-0.010025597269624709,-0.018020126374912127,17.66,46.41,41.96
2021-03-17,0.017553793884484747,0.03232062055591478,0.03288846520495725,17.97,47.91,43.34
2021-03-18,-0.011686143572620877,0.0004174493842621363,-0.013844023996308241,17.76,47.93,42.74
2021-03-19,-0.02787162162162171,-0.013770081368662535,-0.010060832943378561,17.265,47.27,42.31
2021-03-22,0.04517810599478711,-0.0055003173259996485,0.020562514771921503,18.045,47.01,43.18
2021-03-23,0.019118869492934287,0.008721548606679619,-0.03242241778601196,18.39,47.42,41.78
2021-03-24,0.010875475802066381,-0.01476170392239562,0.0043082814743895526,18.59,46.72,41.96
2021-03-25,-0.012103281334050586,0.006635273972602773,-0.02979027645376553,18.365,47.03,40.71
2021-03-26,0.018241219711407686,0.004465234956410713,0.033898305084745894,18.7,47.24,42.09
2021-03-29,-0.013636363636363558,-0.001481795088907667,0.0026134473746732834,18.445,47.17,42.2
2021-03-30,0.019517484413120068,-0.00021199915200353914,0.004739336492890933,18.805,47.16,42.4
2021-03-31,0.010103695825578463,0.0006361323155217313,0.011556603773585028,18.995,47.19,42.89
2021-04-01,0.009212950776520179,-0.004450095359186279,-0.0018652366519001928,19.17,46.98,42.81
2021-04-05,0.0,0.0,0.0,19.17,46.98,42.81
2021-04-06,0.03182055294731345,0.010004257130693972,0.04181266059331934,19.78,47.45,44.6
2021-04-07,-0.025025278058645184,-0.006954689146470128,-0.008295964125560662,19.285,47.12,44.23
2021-04-08,-0.01529686284677223,0.0040322580645162365,-0.00859145376441317,18.99,47.31,43.85
2021-04-09,-0.002632964718272679,0.03720143732826031,0.00410490307867728,18.94,49.07,44.03
2021-04-12,0.03748680042238628,0.03749745261870796,0.018850783556665807,19.65,50.91,44.86
2021-04-13,-0.007124681933842081,0.005696326851306388,-0.013820775746767655,19.51,51.2,44.24
2021-04-14,0.00871348026652985,-0.004492187500000022,-0.000904159132007254,19.68,50.97,44.2
2021-04-15,0.029471544715447218,0.023543260741612837,0.007918552036199067,20.26,52.17,44.55
2021-04-16,0.01382033563672258,0.0189764232317422,0.0056116722783390305,20.54,53.16,44.8
2021-04-19,0.01947419668938677,0.0005643340857788282,-0.001339285714285654,20.94,53.19,44.74
2021-04-20,0.005969436485195878,0.0028200789622110367,0.012293249888243096,21.065,53.34,45.29
2021-04-21,0.002136244956088218,0.003937007874015741,0.022742327224552827,21.11,53.55,46.32
2021-04-22,0.012316437707247774,0.017180205415499472,0.025690846286701152,21.37,54.47,47.51
2021-04-23,-0.06200280767430977,-0.0007343491830364979,-0.0027362660492527002,20.045,54.43,47.38
2021-04-26,-0.002244948865053664,-0.01837222120154325,0.006120726044744673,20.0,53.43,47.67
2021-04-27,0.07025000000000015,0.0024330900243310083,0.0023075309418920664,21.405,53.56,47.78
2021-04-28,0.00700770847932719,-0.00037341299477222645,0.010464629552113802,21.555,53.54,48.28
2021-04-29,0.04384133611691032,0.0013074336944340903,0.00476387738193873,22.5,53.61,48.51
2021-04-30,0.03488888888888897,0.019026301063234552,0.0164914450628737,23.285,54.63,49.31
2021-05-03,0.022761434399828362,-0.03276587955335897,0.011965118637193184,23.815,52.84,49.9
2021-05-04,-0.032122611799286216,0.0026495079485238104,-0.01683366733466929,23.05,52.98,49.06
2021-05-05,0.03947939262472877,0.01925254813137034,0.017325723603750287,23.96,54.0,49.91
2021-05-06,0.015442404006677624,0.03555555555555556,0.010018032458425141,24.33,55.92,50.41
2021-05-07,-0.01602959309494434,-0.015379113018597956,0.01031541360841115,23.94,55.06,50.93
2021-05-10,0.05221386800334171,0.010170722847802294,0.03514627920675428,25.19,55.62,52.72
2021-05-11,0.0244144501786423,-0.010967277957569244,0.015743550834597775,25.805,55.01,53.55
2021-05-12,0.023832590583220403,0.04053808398473002,0.0429505135387489,26.42,57.24,55.85
2021-05-13,-0.006434519303557984,0.002271139063591887,-0.01450313339301701,26.25,57.37,55.04
2021-05-14,0.022095238095237946,-0.004706292487362651,0.03978924418604657,26.83,57.1,57.23
2021-05-17,-0.019381289601192675,-0.005604203152364318,-0.004543071815481303,26.31,56.78,56.97
2021-05-18,-0.05701254275940704,0.0,-0.05669650693347372,24.81,56.78,53.74
2021-05-19,-0.08645707376058043,-0.06287425149700598,-0.06308150353554154,22.665,53.21,50.35
2021-05-20,0.08912420030884616,-0.010336402931779842,0.06077457795431962,24.685,52.66,53.41
2021-05-21,0.004456147457970516,0.004557538928978477,-0.0183486238532109,24.795,52.9,52.43
2021-05-24,-0.00141157491429722,0.008695652173912993,0.01869158878504673,24.76,53.36,53.41
2021-05-25,0.05775444264943452,0.007871064467766198,0.007863695937090576,26.19,53.78,53.83
2021-05-26,0.008972890416189427,0.011342506507995509,0.007245030652052842,26.425,54.39,54.22
2021-05-27,-0.04635761589403975,-0.006802721088435382,-0.03375138325341198,25.2,54.02,52.39
2021-05-28,-0.010714285714285676,0.20159200296186586,-0.015460965833174356,24.93,64.91,51.58
2021-06-01,0.041917368632170104,0.0158681250962871,0.026948429623885328,25.975,65.94,52.97
2021-06-02,-0.009624639076034613,-0.013497118592660007,-0.019444968850292677,25.725,65.05,51.94
2021-06-03,-0.0007774538386784435,-0.001537279016141313,-0.023296110897189082,25.705,64.95,50.73
2021-06-04,0.003501264345458166,-0.005696689761354956,-0.005125172481766138,25.795,64.58,50.47
2021-06-07,0.02694320604768352,0.041034375967792025,0.02972062611452353,26.49,67.23,51.97
2021-06-08,0.04945262363155911,0.015171798304328465,0.011737540888974385,27.8,68.25,52.58
2021-06-09,0.017985611510791477,-0.0019047619047618536,0.025104602510460206,28.3,68.12,53.9
2021-06-10,0.013604240282685476,0.01629477392836165,0.004638218923933124,28.685,69.23,54.15
2021-06-11,-0.029283597699145902,-0.016322403582262113,-0.019944598337950148,27.845,68.1,53.07
2021-06-14,0.03465613216017238,0.021585903083700453,0.0041454682494816986,28.81,69.57,53.29
2021-06-15,-0.023429364803887465,-0.01322409084375431,-0.0287108275473823,28.135,68.65,51.76
2021-06-16,-0.003732006397725307,0.01077931536780774,-0.0007727975270478415,28.03,69.39,51.72
2021-06-17,0.009989297181591139,-0.0077821011673152585,-0.008507347254447017,28.31,68.85,51.28
2021-06-18,0.03867891204521379,0.028322440087146017,0.019110764430577243,29.405,70.8,52.26
2021-06-21,0.007141642577792817,0.017231638418079065,0.00995024875621886,29.615,72.02,52.78
2021-06-22,0.03781867296977892,0.0168008886420441,0.018567639257294433,30.735,73.23,53.76
2021-06-23,0.026354319180087904,0.004096681687832726,0.023623511904761862,31.545,73.53,55.03
2021-06-24,0.014899350134728095,0.0063919488644090805,0.008359076867163306,32.015,74.0,55.49
2021-06-25,0.011557082617522862,0.0035135135135135886,-0.00018021265092815764,32.385,74.26,55.48
2021-06-28,-0.0029334568473058376,-0.003635873956369662,0.007570295602018717,32.29,73.99,55.9
2021-06-29,0.037039331062248326,0.0012163805919720438,0.002504472271914082,33.486,74.08,56.04
2021-06-30,0.0338648987636625,0.14956803455723544,0.013204853675945705,34.62,85.16,56.78
2021-07-01,0.04404968226458705,0.043330201972757054,0.022543148996125417,36.145,88.85,58.06
2021-07-02,-0.008797897357864293,-0.004389420371412545,-0.005167068549776221,35.827,88.46,57.76
2021-07-06,-0.04806430904066772,-0.02102645263395886,-0.057479224376731364,34.105,86.6,54.44
2021-07-07,-0.05175194253042059,-0.005311778290993052,-0.0259000734753857,32.34,86.14,53.03
2021-07-08,0.029993815708101446,-0.018110053401439563,-0.004902885159343784,33.31,84.58,52.77
2021-07-09,0.09972981086760724,0.0003546937810356976,0.036005306045101326,36.632,84.61,54.67
2021-07-12,-0.05410569993448344,0.015482803451128735,-0.04664349734772277,34.65,85.92,52.12
2021-07-13,0.02352092352092372,-0.008845437616387342,0.02187260168841143,35.465,85.16,53.26
2021-07-14,-0.01945580149443127,-0.0010568341944575677,0.009763424708974844,34.775,85.07,53.78
2021-07-15,-0.028181164629762723,-0.00646526390031732,-0.0076236519152101945,33.795,84.52,53.37
2021-07-16,0.0309217339843173,0.008873639375295728,-0.001686340640809414,34.84,85.27,53.28
2021-07-19,0.02324913892078051,0.014659317462178967,-0.008821321321321296,35.65,86.52,52.81
2021-07-20,-0.01360448807854131,-0.015834489135459928,-0.023101685286877505,35.165,85.15,51.59
2021-07-21,0.022323332859377265,-0.0027011156782149603,0.01783291335530124,35.95,84.92,52.51
2021-07-22,0.005006954102920735,-0.006241168158266586,-0.025709388687868984,36.13,84.39,51.16
2021-07-23,-0.016745087185164764,-0.003199431212228876,0.001954652071931129,35.525,84.12,51.26
2021-07-26,0.039127375087966154,-0.023537803138373836,0.04506437768240357,36.915,82.14,53.57
2021-07-27,0.0182852498984154,0.0034088142196251336,-0.0054134776927384776,37.59,82.42,53.28
2021-07-28,0.05613194998669857,0.0025479252608588965,0.01726726726726735,39.7,82.63,54.2
2021-07-29,0.036624685138539004,-0.008955585138569422,0.003874538745387346,41.154,81.89,54.41
2021-07-30,-0.00969529085872578,-0.006349981682745143,-0.01323286160632231,40.755,81.37,53.69
2021-08-02,0.03435161329898162,0.033673343984269355,0.02048798658968143,42.155,84.11,54.79
2021-08-03,-0.021587000355829722,0.008441326833907858,-0.004380361379813902,41.245,84.82,54.55
2021-08-04,0.024487816705055288,-0.0042442820089600986,0.023281393217231994,42.255,84.46,55.82
2021-08-05,0.015264465743698885,-0.011603125739995113,0.009315657470440719,42.9,83.48,56.34
2021-08-06,0.00512820512820511,0.016291327264015276,0.012069577564785217,43.12,84.84,57.02
2021-08-09,-0.007769016697588116,-0.018976897689768957,-0.000701508242721971,42.785,83.23,56.98
2021-08-10,0.043706906626154174,0.008170130962393385,0.013864513864513928,44.655,83.91,57.77
2021-08-11,0.029783898779532025,0.005362888809438804,0.006404708326120723,45.985,84.36,58.14
2021-08-12,-0.002500815483309826,-0.0026078710289236806,-0.02597179222566215,45.87,84.14,56.63
2021-08-13,-0.027032919119249987,-0.000950796291894429,-0.01571605156277589,44.63,84.06,55.74
2021-08-16,0.07528568227649557,0.005234356412086472,0.049874416935773214,47.99,84.5,58.52
2021-08-17,-0.021671181496144998,-0.005443786982248455,-0.01640464798359531,46.95,84.04,57.56
2021-08-18,-0.03333333333333344,-0.0009519276534984966,-0.0019110493398193373,45.385,83.96,57.45
2021-08-19,-0.10994822077778987,-0.02703668413530247,-0.06283724978241945,40.395,81.69,53.84
2021-08-20,0.03834632999133558,-0.001713796058269046,0.01634472511144125,41.944,81.55,54.72
2021-08-23,-0.0062941064276178516,-0.012017167381974336,0.01736111111111116,41.68,80.57,55.67
2021-08-24,0.07653550863723613,0.005212858384013863,0.023351895096102027,44.87,80.99,56.97
2021-08-25,0.009248941386226894,0.008889986418076257,-0.00175530981218186,45.285,81.71,56.87
2021-08-26,0.011151595451032392,-0.005017745685962471,0.005626868296114029,45.79,81.3,57.19
2021-08-27,0.044027080148504094,0.005535055350553542,0.03724427347438364,47.806,81.75,59.32
2021-08-30,0.039200100405806904,0.011620795107033732,0.029669588671611624,49.68,82.7,61.08
2021-08-31,0.013285024154589431,0.2027811366384522,-0.00016371971185324963,50.34,99.47,61.07
2021-09-01,-0.002185141040921823,0.02593746858349255,-0.010643523825118684,50.23,102.05,60.42
2021-09-02,0.03354568982679673,0.05556099951004412,0.02333664349553133,51.915,107.72,61.83
2021-09-03,-0.007897524800154043,0.013460824359450507,-0.0032346757237585733,51.505,109.17,61.63
2021-09-07,0.046694495680031034,0.05889896491710167,0.010546811617718532,53.91,115.6,62.28
2021-09-08,0.025598219254312715,0.01557093425605549,0.0073859987154785145,55.29,117.4,62.74
2021-09-09,0.023331524688008587,0.019846678023849984,0.004781638508128738,56.58,119.73,63.04
2021-09-10,0.023612583951926558,0.03015117347364904,-0.02887055837563457,57.916,123.34,61.22
2021-09-13,0.058084121831618374,0.056348305496999984,0.0024501796798430675,61.28,130.29,61.37
2021-09-14,0.07318864229765021,0.037301404559060725,-0.01971647384715658,65.765,135.15,60.16
2021-09-15,0.07511594313084458,0.05845357010728813,0.0003324468085106336,70.705,143.05,60.18
2021-09-16,-0.10543808782971498,-0.0027962250961203194,-0.009139248919906917,63.25,142.65,59.63
2021-09-17,0.029296442687746893,-0.09421661409043114,0.0031863156129463555,65.103,129.21,59.82
2021-09-20,0.15685913091562598,0.02081882207259489,0.02006018054162495,75.315,131.9,61.02
2021-09-21,-0.02038106618867419,-0.007202426080364033,-0.00852179613241566,73.78,130.95,60.5
2021-09-22,-0.028327460016264627,-0.011378388697976138,0.0072727272727273196,71.69,129.46,60.94
2021-09-23,-0.027967638443297416,0.0054070755445696506,-0.0008204791598293015,69.685,130.16,60.89
2021-09-24,0.007964411279328232,-0.007375537799631293,0.03941533913614714,70.24,129.2,63.29
2021-09-27,0.08919419134396356,-0.008126934984519996,0.022594406699320668,76.505,128.15,64.72
2021-09-28,0.026926344683354086,-0.0004682013265704388,-0.037546353522867726,78.565,128.09,62.29
2021-09-29,0.1023865589002737,0.0021859629947693637,0.015893401830149312,86.609,128.37,63.28
2021-09-30,0.12892424574813255,0.2499805250447924,-0.017699115044247815,97.775,160.46,62.16
2021-10-01,-0.04244438762464853,0.09616103701857148,0.004665379665379721,93.625,175.89,62.45
2021-10-04,0.03230974632843808,0.04411848314287359,0.02193755004003206,96.65,183.65,63.82
2021-10-05,0.20041386445938936,0.12436700245031318,0.020996552804763313,116.02,206.49,65.16
2021-10-06,-0.06748836407515946,-0.01583611797181461,-0.08563535911602205,108.19,203.22,59.58
2021-10-07,-0.1072649967649506,-0.1328609388839681,0.020644511581067615,96.585,176.22,60.81
2021-10-08,-0.0929750996531552,-0.08001361933946205,-0.03371156059858582,87.605,162.12,58.76
2021-10-11,-0.027281547856857435,-0.08660251665433005,0.013955071477195435,85.215,148.08,59.58
2021-10-12,0.005691486240685384,-0.009994597514856984,-0.004028197381671594,85.7,146.6,59.34
2021-10-13,0.09235705950991813,0.045225102319236044,0.001853724300640458,93.615,153.23,59.45
2021-10-14,0.09138492762911943,-0.02414670756379289,0.03936080740117731,102.17,149.53,61.79
2021-10-15,-0.08339042771850835,0.023674179094496095,-0.032367697038355736,93.65,153.07,59.79
2021-10-18,0.00304324612920448,-0.08799895472659569,-0.014550928248871053,93.935,139.6,58.92
2021-10-19,-0.042635865225954084,-0.00759312320916905,-0.06788866259334692,89.93,138.54,54.92
2021-10-20,0.03914155454242185,0.0368846542514798,0.05863073561544052,93.45,143.65,58.14
2021-10-21,-0.053344034242910676,0.01531500174034095,0.003955968352253203,88.465,145.85,58.37
2021-10-22,-0.01271689368676876,0.05039424065821052,0.004625663868425667,87.34,153.2,58.64
2021-10-25,0.01494160751087703,-0.06527415143603132,0.012107776261937264,88.645,143.2,59.35
2021-10-26,-0.0016921428168535924,-0.003980446927374204,0.013647851727042859,88.495,142.63,60.16
2021-10-27,-0.018927623029549867,-0.007922596929117232,0.0018284574468085957,86.82,141.5,60.27
2021-10-28,-0.11273900023036165,-0.008692579505300335,-0.022067363530778206,77.032,140.27,58.94
2021-10-29,-0.15794734655727494,0.07827760747130519,0.002375296912114022,64.865,151.25,59.08
2021-11-01,0.01163955908425196,-0.0016528925619834212,-0.030297901150981743,65.62,151.0,57.29
2021-11-02,0.03024992380371838,0.015894039735099286,0.04363763309478097,67.605,153.4,59.79
2021-11-03,0.13216478071148585,-0.0013037809647979959,0.006021073758153639,76.54,153.2,60.15
2021-11-04,-0.0413509276195454,0.04190600522193222,0.0004987531172069293,73.375,159.62,60.18
2021-11-05,0.008858603066439708,-0.0018794637263501723,-0.007477567298105781,74.025,159.32,59.73
2021-11-08,0.06822019587977035,-0.03948029123776042,0.02059266700150686,79.075,153.03,60.96
2021-11-09,-0.08207398039835612,-0.004835653139907303,-0.0034448818897637734,72.585,152.29,60.75
2021-11-10,-0.033891299855341894,-0.026397005712784694,0.04493827160493824,70.125,148.27,63.48
2021-11-11,0.06652406417112311,0.021649693127402614,0.008506616257088817,74.79,151.48,64.02
2021-11-12,0.011833132771760901,0.024953789279112737,-0.0068728522336769515,75.675,155.26,63.58
2021-11-15,0.05642550379914102,0.05043153420069579,0.04152249134948094,79.945,163.09,66.22
2021-11-16,0.17818500218900502,0.0532834631185235,0.024312896405919604,94.19,171.78,67.83
2021-11-17,0.008652723219025438,0.06100826638723933,-0.0056022408963585235,95.005,182.26,67.45
2021-11-18,0.0016841218883216769,-0.029353670580489433,0.028613787991104367,95.165,176.91,69.38
2021-11-19,-0.08448484211632434,-0.013679271946187233,0.0038916114153937365,87.125,174.49,69.65
2021-11-22,-0.03569583931133424,0.005730987449137581,0.008183776022971934,84.015,175.49,70.22
2021-11-23,0.08224721775873345,-0.008946378711037761,-0.010395898604386278,90.925,173.92,69.49
2021-11-24,0.033654110530657144,0.035246090156393795,0.0538206936249821,93.985,180.05,73.23
2021-11-26,-0.06610629355748254,-0.012885309636212261,-0.001502116618872007,87.772,177.73,73.12
2021-11-29,0.061226814929590256,-0.00888988915771105,0.019420131291028486,93.146,176.15,74.54
2021-11-30,-0.006774311296244617,0.26596650581890424,0.015964582774349312,92.515,223.0,75.73
2021-12-01,0.03415662325028368,-0.022735426008968607,0.019411065627888524,95.675,217.93,77.2
2021-12-02,-0.00883198327671808,-0.020786491075115876,0.03950777202072531,94.83,213.4,80.25
2021-12-03,-0.05641674575556255,0.010777881911902432,-0.0200623052959501,89.48,215.7,78.64
2021-12-06,0.005029056772463125,-0.03847936949466846,0.038275686673448606,89.93,207.4,81.65
2021-12-07,0.0662181696875348,0.018514946962391532,0.045192896509491653,95.885,211.24,85.34
2021-12-08,0.0585597330135057,0.09415830335163777,0.04769158659479711,101.5,231.13,89.41
2021-12-09,-0.01039408866995084,-0.03863626530523956,-0.09540319874734371,100.445,222.2,80.88
2021-12-10,0.05306386579720268,-0.01017101710171009,0.0431503461918894,105.775,219.94,84.37
2021-12-13,0.09747104703379805,0.1008456851868691,-0.019556714471968828,116.085,242.12,82.72
2021-12-14,0.1052246198905975,-0.004708409053362006,-0.03143133462282388,128.3,240.98,80.12
2021-12-15,0.031060015588464385,0.012988629761806036,0.013354967548676822,132.285,244.11,81.19
2021-12-16,0.0792228899724079,0.07771086805128813,0.055671880773494165,142.765,263.08,85.71
2021-12-17,-0.04097642979721916,-0.058271248289493593,-0.13639015284097533,136.915,247.75,74.02
2021-12-20,0.07311105430376519,-0.03854692230070644,0.08200486355039183,146.925,238.2,80.09
2021-12-21,0.22691849583120627,0.06523929471032752,0.010613060307154365,180.265,253.74,80.94
2021-12-22,-0.04099520150888958,-0.005990383857491954,-0.05077835433654554,172.875,252.22,76.83
2021-12-23,-0.23308749096167747,-0.03140115771945118,-0.030847325263568925,132.58,244.3,74.46
2021-12-27,-0.19373208628752459,-0.08444535407286136,0.033037872683320035,106.895,223.67,76.92
2021-12-28,-0.0028532672248466895,-0.0032637367550408802,0.030811232449297954,106.59,222.94,79.29
2021-12-29,-0.09489633173843703,-0.0034986992015788587,0.013494766048681939,96.475,222.16,80.36
2021-12-30,-0.09793210676341013,-0.0049513863881887055,-0.002488800398208091,87.027,221.06,80.16
2021-12-31,-0.19168763717007364,0.0017189903193703948,0.006112774451097813,70.345,221.44,80.65
2022-01-03,0.14343592295116925,-0.15128251445086704,0.04166150030998139,80.435,187.94,84.01
2022-01-04,0.10325107229439912,0.03729913802277318,0.01071301035590988,88.74,194.95,84.91
2022-01-05,0.0313274735181428,-0.023031546550397408,0.03144505947473797,91.52,190.46,87.58
2022-01-06,0.05441433566433562,0.027827365326052567,-0.009591230874628986,96.5,195.76,86.74
2022-01-07,-0.08626943005181353,-0.016857376379239786,-0.015217892552455536,88.175,192.46,85.42
2022-01-10,-0.04048766657215752,-0.046970799127091456,-0.06239756497307425,84.605,183.42,80.09
2022-01-11,-0.06938124224336628,-0.03303892705266587,0.01510800349606689,78.735,177.36,81.3
2022-01-12,-0.045468978218073275,-0.032758231844835395,-0.015867158671586612,75.155,171.55,80.01
2022-01-13,0.1371166256403431,-0.0029728941999418446,0.00687414073240844,85.46,171.04,80.56
2022-01-14,0.01766908495202446,0.012511693171188165,0.018867924528301883,86.97,173.18,82.08
2022-01-18,-0.09928711049787287,-0.009931862801709213,0.007188109161793355,78.335,171.46,82.67
2022-01-19,-0.03491415076274973,0.004024262218593311,-0.007015846135236425,75.6,172.15,82.09
2022-01-20,-0.005224867724867632,-0.03682834737147833,0.042636131075648676,75.205,165.81,85.59
2022-01-21,0.05019613057642447,0.014655328387913835,-0.013085640845893254,78.98,168.24,84.47
2022-01-24,0.1775132945049378,-0.0001783166904422151,-0.005327335148573531,93.0,168.21,84.02
2022-01-25,0.006236559139784825,-0.009630818619582704,0.040823613425374994,93.58,166.59,87.45
2022-01-26,-0.01864714682624502,-6.002761270174073e-05,0.01383647798742138,91.835,166.58,88.66
2022-01-27,0.005063428975880635,0.012966742706207235,0.012406947890818865,92.3,168.74,89.76
2022-01-28,-0.0025785482123510395,-0.0037928173521394326,-0.006016042780748743,92.062,168.1,89.22
2022-01-31,-0.08029371510503791,0.07198096371207607,0.0002241649854293204,84.67,180.2,89.24
2022-02-01,-0.10044880122829802,-0.08396226415094332,0.003137606454504782,76.165,165.07,89.52
2022-02-02,0.015558327315696063,0.04458714484764048,0.05239052725647908,77.35,172.43,94.21
2022-02-03,0.037168713639301965,-0.05312300643739487,0.006368750663411582,80.225,163.27,94.81
2022-02-04,0.03022748519788121,-0.0032461566729956592,0.01729775340153994,82.65,162.74,96.45
2022-02-07,-0.03696309739866921,-0.11546024333292382,0.0025920165889061764,79.595,143.95,96.7
2022-02-08,-0.028833469439035087,-0.02271622091003811,0.0023784901758014954,77.3,140.68,96.93
2022-02-09,-0.03732212160413961,-0.009880580039806741,-0.06334468172908281,74.415,139.29,90.79
2022-02-10,-0.000806289054626097,-0.0194558116160527,-0.00011014428901867657,74.355,136.58,90.78
2022-02-11,0.0412884136910765,-0.04715185239420139,0.02302269222295661,77.425,130.14,92.87
2022-02-14,0.04320309977397474,-0.035807591824189244,-0.01195219123505975,80.77,125.48,91.76
2022-02-15,-0.12195121951219501,-0.010041440867070484,-0.006756756756756799,70.92,124.22,91.14
2022-02-16,-0.0158629441624365,-0.02994686845918526,-0.014044327408382684,69.795,120.5,89.86
2022-02-17,0.073357690378967,0.00979253112033196,-0.03805920320498557,74.915,121.68,86.44
2022-02-18,-0.015417473136221105,-0.004520052596975743,0.03505321610365564,73.76,121.13,89.47
2022-02-22,0.08175162689804782,0.04070007430033851,0.003353079244439394,79.79,126.06,89.77
2022-02-23,0.1140493796215063,0.0028557829604949347,0.05903976829675828,88.89,126.42,95.07
2022-02-24,0.5110248621892226,0.03369719981015673,-0.08456926475228776,134.315,130.68,87.03
2022-02-25,-0.2970107582920746,-0.024104683195592336,0.012754222681833793,94.422,127.53,88.14
2022-02-28,0.044195208743724956,0.720614757312005,-0.06727932834127537,98.595,219.43,82.21
2022-03-01,0.23408894974390182,0.04311169849154628,-0.16251064347402988,121.675,228.89,68.85
2022-03-02,0.3605506472159441,0.28524618812530056,-0.005228758169934622,165.545,294.18,68.49
2022-03-03,-0.02851188498595547,0.06013325175062878,-0.01664476565922035,160.825,311.87,67.35
2022-03-04,0.1972641069485468,0.22118190271587523,-0.03340757238307346,192.55,380.85,65.1
2022-03-07,0.17995325889379377,0.08228961533412105,-0.10445468509984634,227.2,412.19,58.3
2022-03-08,-0.05565580985915486,-0.06086998714185199,0.17512864493996583,214.555,387.1,68.51
2022-03-09,-0.27347300226049265,-0.1767501937483854,0.06816523135308716,155.88,318.68,73.18
2022-03-10,-0.18911983577110592,-0.07568720974017829,0.04413774255260994,126.4,294.56,76.41
2022-03-11,0.03821202531645551,-0.06799972840847379,0.004580552283732553,131.23,274.53,76.76
2022-03-14,-0.12733368894307695,-0.06724219575274093,0.01980198019801982,114.52,256.07,78.28
2022-03-15,0.008033531260915217,0.008513297145311904,-0.010858456821665752,115.44,258.25,77.43
2022-03-16,-0.11101004851004848,-0.03709583736689259,0.009427870334495436,102.625,248.67,78.16
2022-03-17,0.02401948842874546,-0.0004825672578114837,0.022134083930399173,105.09,248.55,79.89
2022-03-18,-0.0004282043962318127,8.046670689987323e-05,-0.012517211165352315,105.045,248.57,78.89
2022-03-21,-0.08323099623970676,-0.00040230116265038696,-0.006337938902268969,96.302,248.47,78.39
2022-03-22,0.02536811281177953,-0.0017708375256569875,0.029085342518178292,98.745,248.03,80.67
2022-03-23,0.18487012000607628,0.016248034511954224,-0.05045246064212228,117.0,252.06,76.6
2022-03-24,-0.046068376068376105,0.016384987701340892,0.021409921671018184,111.61,256.19,78.24
2022-03-25,-0.09264402831287522,-0.014871774854600117,0.004601226993865115,101.27,252.38,78.6
2022-03-28,0.01259010565814167,0.0017037800142643,0.028117048346055995,102.545,252.81,80.81
2022-03-29,0.056901847969184294,-0.0015426604960246948,0.011013488429649776,108.38,252.42,81.7
2022-03-30,0.0977117549363351,-0.0016242769986529737,-0.04149326805385556,118.97,252.01,78.31
2022-03-31,0.05829200638816512,-0.07507638585770404,-0.02336866300600171,125.905,233.09,76.48
2022-04-01,-0.10924903697232036,-0.09489896606461024,0.026281380753137906,112.15,210.97,78.49
2022-04-04,-0.023406152474364728,-0.12755368061809735,0.0001274047649382215,109.525,184.06,78.5
2022-04-05,-0.008765122118237878,-0.014234488753667285,-0.00573248407643312,108.565,181.44,78.05
2022-04-06,-0.016349652282042992,-0.0004960317460317443,-0.011146700832799339,106.79,181.35,77.18
2022-04-07,-0.020835284202640802,-0.023380204025365225,0.03576055973049996,104.565,177.11,79.94
2022-04-08,-0.0065509491703724665,-0.008187002427869738,0.0018764073054791108,103.88,175.66,80.09
2022-04-11,-0.036051212938005284,0.015199817829898654,-0.026719940067424175,100.135,178.33,77.95
2022-04-12,0.020821890447895175,-0.005551505635619458,0.013598460551635716,102.22,177.34,79.01
2022-04-13,0.030375660340442145,-0.009811661215743839,-0.019870902417415626,105.325,175.6,77.44
2022-04-14,-0.09214336577260862,-0.011788154897494296,0.032670454545454586,95.62,173.53,79.97
2022-04-19,-0.019347416858397914,-0.06119979254307617,0.0028760785294486,93.77,162.91,80.2
2022-04-20,0.004905620134371347,0.0034374808176294014,0.09501246882793013,94.23,163.47,87.82
2022-04-21,0.06186989281545152,0.02024836361411886,-0.015713960373491154,100.06,166.78,86.44
2022-04-22,-0.051818908654807094,-0.005696126633888854,0.02950023137436375,94.875,165.83,88.99
2022-04-25,-0.021501976284585056,-0.005186033890128505,-0.06214181368693117,92.835,164.97,83.46
2022-04-26,0.11175741907685688,-0.0023640661938533203,-0.008986340762041745,103.21,164.58,82.71
2022-04-27,0.04083906598197862,0.004921618665694405,-0.02055374199008575,107.425,165.39,81.01
2022-04-28,-0.06779613683965557,0.0006650946248263345,0.020614738921120868,100.142,165.5,82.68
2022-04-29,-0.006910187533702095,0.0013897280966765901,0.021407837445573286,99.45,165.73,84.45
2022-05-02,-0.02413273001508298,0.16026066493694557,-0.016696269982237943,97.05,192.29,83.04
2022-05-03,0.024471921689850573,0.023662176920276723,0.06201830443159917,99.425,196.84,88.19
2022-05-04,0.044204174000502805,0.017831741515951904,0.0013606984918925757,103.82,200.35,88.31
2022-05-05,0.025910229242920524,0.012328425255802244,0.006794247537085241,106.51,202.82,88.91
2022-05-06,-0.045066190967984365,-0.04102159550340201,0.029580474637273868,101.71,194.5,91.54
2022-05-09,-0.07791760888801491,-0.03362467866323904,-0.04937732138955664,93.785,187.96,87.02
2022-05-10,0.05347336994188834,-0.01649287082357942,0.0036773155596414586,98.8,184.86,87.34
2022-05-11,-0.04848178137651815,-0.00027047495401932853,0.017059766430043366,94.01,184.81,88.83
2022-05-12,0.13498563982555045,0.04593907256100871,-0.006416751097602091,106.7,193.3,88.26
2022-05-13,-0.0920337394564199,-0.02871184687015005,0.00249263539542266,96.88,187.75,88.48
2022-05-16,-0.04149463253509489,-0.012676431424766932,0.01220614828209765,92.86,185.37,89.56
2022-05-17,0.014161102735300357,0.007714301127474732,0.024117909781152358,94.175,186.8,91.72
2022-05-18,0.003875763206796057,-0.006852248394004334,-0.07719145224596602,94.54,185.52,84.64
2022-05-19,-0.037180029617093324,-0.019836136265631743,-0.01724952741020791,91.025,181.84,83.18
2022-05-20,-0.03433122768470198,-0.004454465464144297,-0.033541716758836326,87.9,181.03,80.39
2022-05-23,-0.05244596131968149,-0.028172126166933653,-0.027864162209229937,83.29,175.93,78.15
2022-05-24,0.014587585544483028,0.0036378104928096455,0.04056301983365307,84.505,176.57,81.32
2022-05-25,0.04230518904206848,0.000962790961092086,0.000983767830792015,88.08,176.74,81.4
2022-05-26,-0.023955495004541305,0.0002829014371392713,0.04127764127764122,85.97,176.79,84.76
2022-05-27,0.010526927998138813,-0.003676678545166623,-0.006606890042472946,86.875,176.14,84.2
2022-05-31,0.08207194244604321,0.1080390598387646,-0.002137767220902642,94.005,195.17,84.02
2022-06-01,-0.08994202436040633,-0.04519137162473741,0.024517971911449665,85.55,186.35,86.08
2022-06-02,-0.018760958503798997,-0.021679635095250838,0.0030204460966543056,83.945,182.31,86.34
2022-06-03,-0.010066114717970032,-0.028029181065218678,0.006138522121843959,83.1,177.2,86.87
2022-06-06,-0.006498194945848246,-0.007505643340857682,-0.06262230919765166,82.56,175.87,81.43
2022-06-07,-0.0357315891472868,-0.02706544606811845,-0.001473658356870966,79.61,171.11,81.31
2022-06-08,-0.002575053385253101,-0.05107825375489461,-0.018447915385561453,79.405,162.37,79.81
2022-06-09,0.06895031799005102,0.047792079817700284,0.015035709810800713,84.88,170.13,81.01
2022-06-10,-0.028451932139490932,-0.01105037324398983,0.010492531786199244,82.465,168.25,81.86
2022-06-13,0.011338143454798999,-0.00035661218424964947,-0.003909113119960783,83.4,168.19,81.54
2022-06-14,0.16354916067146275,0.04138177061656467,0.03200883002207511,97.04,175.15,84.15
2022-06-15,0.24000412201154164,0.08615472452183837,0.024361259655377276,120.33,190.24,86.2
2022-06-16,0.033532784841685315,0.06076534903280062,-0.037122969837587005,124.365,201.8,83.0
2022-06-17,-0.05327061472279182,-0.009563924677898905,-0.007590361445783067,117.74,199.87,82.37
2022-06-21,0.06641753015118068,0.06474208235352985,0.028651207964064618,125.56,212.81,84.73
2022-06-22,0.01282255495380702,0.017292420468963066,-0.03363625634368006,127.17,216.49,81.88
2022-06-23,0.04855704961862073,0.006651577440066614,0.027479237909135312,133.345,217.93,84.13
2022-06-24,-0.03629682402789758,-0.0051851511953379115,-0.008320456436467283,128.505,216.8,83.43
2022-06-27,0.007431617446792105,0.006134686346863427,0.01941747572815533,129.46,218.13,85.05
2022-06-28,-0.0022014521860034275,-0.0011002613120616456,0.027630805408583203,129.175,217.89,87.4
2022-06-29,0.0806115734468742,0.0006425260452522785,0.01086956521739113,139.588,218.03,88.35
2022-06-30,0.03529673037796943,0.36095950098610285,0.020486700622524,144.515,296.73,90.16
2022-07-01,0.022627408919489334,-0.0518990327907527,-0.050798580301685825,147.785,281.33,85.58
2022-07-05,0.11699428223432684,0.07301034372445181,-0.027927085767702753,165.075,301.87,83.19
2022-07-06,0.03589277601090424,0.08798489415973765,0.00036062026685890203,171.0,328.43,83.22
2022-07-07,0.07125730994152057,0.072252839265597,0.02042778178322524,183.185,352.16,84.92
2022-07-08,-0.04353522395392628,-0.06982621535665612,-0.02508243052284498,175.21,327.57,82.79
2022-07-11,-0.061012499286570376,-0.02869615654669222,0.01896364295204722,164.52,318.17,84.36
2022-07-12,0.04917335278385604,-0.045981707892007395,0.015291607396870521,172.61,303.54,85.65
2022-07-13,0.04573894907595144,0.019041971404098135,-0.020899007589025187,180.505,309.32,83.86
2022-07-14,-0.03030386969890031,0.03271692745376953,0.0013117099928452447,175.035,319.44,83.97
2022-07-15,-0.08838232353529296,-0.027454295016278385,0.016791711325473413,159.565,310.67,85.38
2022-07-18,-0.014445523767743551,-0.02204911964463907,-0.005153431717029755,157.26,303.82,84.94
2022-07-19,-0.017836703548263833,0.0003291422552829104,-0.015187190958323438,154.455,303.92,83.65
2022-07-20,0.0037875109255121053,-0.002566464859173556,-0.05750149432157803,155.04,303.14,78.84
2022-07-21,0.003611971104231282,-0.00511314904004756,-0.0092592592592593,155.6,301.59,78.11
2022-07-22,0.027410025706940955,0.011737789714513225,-0.0231724491102292,159.865,305.13,76.3
2022-07-25,0.10477590466956488,-0.001999147904171994,0.0009174311926607448,176.615,304.52,76.37
2022-07-26,0.1319536845681284,0.034152108235912415,0.004059185544061927,199.92,314.92,76.68
2022-07-27,0.02653561424569828,0.0024133113171598275,-0.007042253521126862,205.225,315.68,76.14
2022-07-28,-0.03067365087099516,-0.0029143436391282362,0.03703703703703698,198.93,314.76,78.96
2022-07-29,-0.04029055446639529,0.003875968992248069,-0.005192502532928023,190.915,315.98,78.55
2022-08-01,0.05175077914255022,0.19219570858915103,0.02584341183959271,200.795,376.71,80.58
2022-08-02,0.021813292163649578,0.04682647129091366,0.01700173740382227,205.175,394.35,81.95
2022-08-03,-0.02914585110271728,-0.009889691898060216,0.024893227577791333,199.195,390.45,83.99
2022-08-04,0.00027611134817639993,-0.004891791522601996,0.0023812358614121454,199.25,388.54,84.19
2022-08-05,-0.014705144291091599,-0.027847840634168897,0.006770400285069478,196.32,377.72,84.76
2022-08-08,-0.016631010594946982,-0.06708673091178663,-0.01120811703633795,193.055,352.38,83.81
2022-08-09,-0.004506487788454083,-0.01756626369260461,0.025295310822097683,192.185,346.19,85.93
2022-08-10,0.06857975388297732,0.06591755972154023,-0.000116373792621971,205.365,369.01,85.92
2022-08-11,0.01336644510992624,0.03438931194276584,0.018971135940409667,208.11,381.7,87.55
2022-08-12,-0.009610302244005609,-0.013859051611212925,0.015077098800685418,206.11,376.41,88.87
2022-08-15,0.06792489447382466,0.05961584442496215,0.021492067064251108,220.11,398.85,90.78
2022-08-16,0.026373177047839702,0.059395762818102105,0.0143203348755232,225.915,422.54,92.08
2022-08-17,-0.0003541154859127982,0.042481185213234296,0.04039965247610766,225.835,440.49,95.8
2022-08-18,0.06717293599309215,0.008944584440055303,0.0025052192066807866,241.005,444.43,96.04
2022-08-19,0.014709238397543789,0.0037801228539928733,0.020512286547271996,244.55,446.11,98.01
2022-08-22,0.13167041504804744,0.03180829840173938,-0.059585756555453506,276.75,460.3,92.17
2022-08-23,-0.027822944896115587,-0.00890723441233987,-0.0312466095258761,269.05,456.2,89.29
2022-08-24,0.08585764727745748,0.0006356861025866856,-0.0005599731212903025,292.15,456.49,89.24
2022-08-25,0.10017114495978108,0.015465837148677997,0.000784401613626251,321.415,463.55,89.31
2022-08-26,0.055317891199850644,0.0033006148204075547,0.011196954428395411,339.195,465.08,90.31
2022-08-29,-0.19631775232535853,-0.006256988045067469,-0.04041634370501612,272.605,462.17,86.66
2022-08-30,-0.07214834650868474,0.006512755046844232,-0.06750519270713129,252.937,465.18,80.81
2022-08-31,-0.05152271118895224,-0.0001719764392278389,-0.009652270758569448,239.905,465.1,80.03
2022-09-01,0.012921781538525634,-0.032638142334981746,0.009496438835436827,243.005,449.92,80.79
2022-09-02,-0.11662311475072529,-0.05269825746799439,-0.035895531625201205,214.665,426.21,77.89
2022-09-06,0.1172757552465471,-0.036859763966119896,-0.102837334702786,239.84,410.5,69.88
2022-09-07,-0.10821797865243499,-0.01978075517661393,-0.012163709215798457,213.885,402.38,69.03
2022-09-08,0.031114851438857283,-0.02395745315373521,-0.025930754744314166,220.54,392.74,67.24
2022-09-09,-0.06098666908497319,-0.02742272241177368,-0.017251635930993436,207.09,381.97,66.08
2022-09-12,-0.07967550340431695,-0.05817210775715376,0.0868644067796609,190.59,359.75,71.82
2022-09-13,0.04207985728527208,0.008450312717164676,-0.028822055137844527,198.61,362.79,69.75
2022-09-14,0.09702431901716912,0.029907108795721893,0.040000000000000036,217.88,373.64,72.54
2022-09-15,-0.016499908206352165,2.6763729793266577e-05,-0.00951199338296127,214.285,373.65,71.85
2022-09-16,-0.12362041206804031,-0.054944466746955634,0.01976339596381349,187.795,353.12,73.27
2022-09-19,-0.029473628158364185,-0.028375623017671048,-0.029616486966016153,182.26,343.1,71.1
2022-09-20,0.06584000877866791,0.0038764208685513335,0.0005625879043600346,194.26,344.43,71.14
2022-09-21,-0.02306187583650776,0.0015968411578550779,-0.01897666572954726,189.78,344.98,69.79
2022-09-22,-0.012171988618400298,0.0036233984578815104,0.009313655251468544,187.47,346.23,70.44
2022-09-23,-0.010535018936363105,-0.013603673858417875,-0.06629755820556504,185.495,341.52,65.77
2022-09-26,-0.06285883716542218,0.011243851018974071,0.06933252242663834,173.835,345.36,70.33
2022-09-27,0.07055541174101876,0.0059358350706508745,-0.0336982795393147,186.1,347.41,67.96
2022-09-28,0.113299301450833,0.0010650240350016382,-0.04134785167745714,207.185,347.78,65.15
2022-09-29,-0.0942153148152618,-0.004773132440048178,0.00890253261703755,187.665,346.12,65.73
2022-09-30,0.006048011083579885,-0.1669652143765169,0.015213753232922622,188.8,288.33,66.73
2022-10-03,-0.100052966101695,-0.1682100371102555,-0.011838753184474804,169.91,239.83,65.94
2022-10-04,-0.046848331469601656,-0.09744402284951847,0.014861995753715496,161.95,216.46,66.92
2022-10-05,0.0725223834516826,-0.01224244664141183,0.0022414823670051653,173.695,213.81,67.07
2022-10-06,0.011600794496099631,0.10074365090500903,0.028179513940659096,175.71,235.35,68.96
2022-10-07,-0.11100677252290703,-0.06466964096027195,0.012906032482598695,156.205,220.13,69.85
2022-10-10,-0.013347844179123602,-0.10593740062690227,-0.04409448818897632,154.12,196.81,66.77
2022-10-11,0.01725927848429798,-0.027336009349118395,-0.006440017972143108,156.78,191.43,66.34
2022-10-12,0.021750223242760436,0.024969962910724508,0.005577328911666957,160.19,196.21,66.71
2022-10-13,-0.03982770460078655,-0.026043524794862716,0.0319292459901066,153.81,191.1,68.84
2022-10-14,-0.07681555165463883,-0.0570905285190999,-0.011911679256246477,141.995,180.19,68.02
2022-10-17,-0.09870065847388998,-0.06598590376824454,-0.007497794766245125,127.98,168.3,67.51
2022-10-18,-0.11533052039381153,-0.0387403446226976,0.0038512812916604577,113.22,161.78,67.77
2022-10-19,-0.006270976859212074,0.020645320806032874,-0.007082779991146371,112.51,165.12,67.29
2022-10-20,0.13007732645987025,0.0061773255813952765,-0.006241640659830572,127.145,166.14,66.87
2022-10-21,-0.10672853828306261,-0.02509931383170816,0.027665619859428725,113.575,161.97,68.72
2022-10-24,-0.126832489544354,-0.06649379514724951,0.052386495925494714,99.17,151.2,72.32
2022-10-25,0.006302309166078546,-0.003439153439153353,0.0662334070796462,99.795,150.68,77.11
2022-10-26,0.04534295305376013,0.007499336341916685,-0.017118402282453538,104.32,151.81,75.79
2022-10-27,0.029380751533742533,0.00019761544035312717,0.05831903945111483,107.385,151.84,80.21
2022-10-28,0.04524840527075469,-0.006783456269757626,0.012467273407305912,112.244,150.81,81.21
2022-10-31,0.09894515519760527,0.37636761487964976,-0.01526905553503255,123.35,207.57,79.97
2022-11-01,-0.058005674908796157,0.010406128053186858,-0.04064024009003375,116.195,209.73,76.72
2022-11-02,0.08322216962864148,0.049921327420969774,-0.00026068821689251287,125.865,220.2,76.7
2022-11-03,-0.0033369085925396558,0.01103542234332422,-0.005475880052151272,125.445,222.63,76.28
2022-11-04,-0.0849774801705927,-0.08705026276782102,0.001048767697954922,114.785,203.25,76.36
2022-11-07,-0.04443089253822363,-0.18002460024600253,0.014798323729701357,109.685,166.66,77.49
2022-11-08,0.07712996307608155,-0.01650066002640105,-0.018453994063750034,118.145,163.91,76.06
2022-11-09,-0.042320876888569114,-0.010676590812030984,-0.04338679989481986,113.145,162.16,72.76
2022-11-10,0.0026956560166158106,0.02133695115934886,0.003985706432105385,113.45,165.62,73.05
2022-11-11,-0.1374614367562803,-0.1098297307088516,0.038193018480492835,97.855,147.43,75.84
2022-11-14,0.1619743498032804,0.032083022451332655,-0.00804324894514763,113.705,152.16,75.23
2022-11-15,0.09146475528780629,0.034174553101997907,0.018875448624219082,124.105,157.36,76.65
2022-11-16,-0.08222875790661133,-0.056685307574987354,-0.04227005870841494,113.9,148.44,73.41
2022-11-17,-0.011808604038630377,0.0024252223120453387,-0.013758343549925,112.555,148.8,72.4
2022-11-18,0.026253831460175014,-0.013575268817204389,0.000966850828729271,115.51,146.78,72.47
2022-11-21,0.0053675006492943655,0.08264068674206282,0.024975852076721372,116.13,158.91,74.28
2022-11-22,0.030224748127098966,0.03675036184003533,-0.005519655358104392,119.64,164.75,73.87
2022-11-23,0.08341691741892343,0.03271623672230639,0.027074590496818818,129.62,170.14,75.87
2022-11-25,-0.040503008794939066,-0.008875044081344763,0.040859364702781065,124.37,168.63,78.97
2022-11-28,-0.008764171423976896,0.028346083140603717,-0.004811953906546762,123.28,173.41,78.59
2022-11-29,0.07305321219987015,0.0012686696268957576,0.035627942486321285,132.286,173.63,81.39
2022-11-30,0.10665527720242518,0.817773426251224,0.043125691116844944,146.395,315.62,84.9
2022-12-01,-0.04873800334710898,-0.037069894176541385,-0.00023557126030637754,139.26,303.92,84.88
2022-12-02,-0.026569007611661588,-0.05040800210581731,0.03652214891611694,135.56,288.6,87.98
2022-12-05,-0.006344054293301982,0.018503118503118365,-0.00920663787224374,134.7,293.94,87.17
2022-12-06,0.02813659985152195,0.0380349731237668,0.016519444763106517,138.49,305.12,88.61
2022-12-07,0.07765903675355612,0.03936156266386992,-0.004739871346349234,149.245,317.13,88.19
2022-12-08,-0.06934905691982973,-0.011320278750039381,0.008390974033337217,138.895,313.54,88.93
2022-12-09,0.0015839303070663835,0.012693755182751731,-0.013493759136399497,139.115,317.52,87.73
2022-12-12,-0.018150451065665152,-0.0793650793650793,0.02370910748888644,136.59,292.32,89.81
2022-12-13,0.006881909363789518,-0.025930487137383662,-0.009130386371228205,137.53,284.74,88.99
2022-12-14,-0.04377226786882871,-0.02391655545409843,-0.031464209461737225,131.51,277.93,86.19
2022-12-15,0.024750969508022136,0.012844960961393204,-0.011486251305255823,134.765,281.5,85.2
2022-12-16,-0.14332356323971351,-0.04671403197158075,-0.017840375586854362,115.45,268.35,83.68
2022-12-19,-0.059809441316587275,0.012707285261784884,0.01206978967495198,108.545,271.76,84.69
2022-12-20,-0.0263024552029113,-0.008978510450397437,0.025740937536899322,105.69,269.32,86.87
2022-12-21,-0.07512536663828173,-0.0015966136937471953,-0.014619546448716547,97.75,268.89,85.6
2022-12-22,-0.0594373401534527,-0.01428093272341846,0.014602803738317682,91.94,265.05,86.85
2022-12-23,-0.0975092451598869,-0.017657045840407504,0.0,82.975,260.37,86.85
2022-12-27,-0.03531184091593842,-0.023697046510734787,-0.00886586067933215,80.045,254.2,86.08
2022-12-28,0.01630332937722523,-0.005192761605035345,-0.02265334572490707,81.35,252.88,84.13
2022-12-29,0.03048555623847582,-0.0017004112622588385,-0.021038868417924572,83.83,252.45,82.36
2022-12-30,-0.08964571155910772,-0.0032877797583679147,-0.0359397765905779,76.315,251.62,79.4
2023-01-03,-0.05241433532071027,-0.43414672919481756,0.012846347607052833,72.315,142.38,80.42
2023-01-04,-0.10087810274493536,-0.1120943952802359,-0.06242228301417552,65.02,126.42,75.4
2023-01-05,0.11381113503537388,0.03353899699414642,0.011140583554376526,72.42,130.66,76.24
2023-01-06,-0.03983706158519751,-0.04477269248431037,-0.009050367261280168,69.535,124.81,75.55
2023-01-09,0.06852664125979713,-0.030446278343081445,0.04698874917273321,74.3,121.01,79.1
2023-01-10,-0.05693135935397042,-0.023551772580778563,-0.009102402022756029,70.07,118.16,78.38
2023-01-11,-0.06743256743256731,-0.004400812457684422,-0.02219954069915786,65.345,117.64,76.64
2023-01-12,0.02241946591169941,0.05984359061543687,0.014613778705636848,66.81,124.68,77.76
2023-01-13,-0.02993563837748836,-0.007779916586461488,-0.007201646090534974,64.81,123.71,77.2
2023-01-17,-0.07329115877179448,-0.030151159970899566,0.00012953367875634392,60.06,119.98,77.21
2023-01-18,0.027472527472527375,-0.0040840140023338245,0.054526615723351934,61.71,119.49,81.42
2023-01-19,-0.01612380489385834,-0.008452590174909957,0.0054040776222057385,60.715,118.48,81.86
2023-01-20,0.10186938977188498,-0.0015192437542201898,0.009039824089909443,66.9,118.3,82.6
2023-01-23,-0.013452914798206317,0.007100591715976323,-0.009685230024213065,66.0,119.14,81.8
2023-01-24,-0.11712121212121207,-0.01082759778411957,-0.02665036674816612,58.27,117.85,79.62
2023-01-25,-0.027629998283851154,-0.012812897751378838,0.033408691283597136,56.66,116.34,82.28
2023-01-26,-0.03256265442993289,-0.002234828949630452,0.055055906660184784,54.815,116.08,86.81
2023-01-27,0.011128340782632584,0.016712611991729798,0.0014975233268055277,55.425,118.02,86.94
2023-01-30,-0.004853405502931896,-0.0016098966276901772,0.0031055900621117516,55.156,117.83,87.21
2023-01-31,0.03977808397998417,0.20257998811847577,0.033482398807476166,57.35,141.7,90.13
2023-02-01,0.037925021795989444,0.007692307692307665,0.027959613891046287,59.525,142.79,92.65
2023-02-02,-0.04174716505669884,-0.02941382449751373,-0.021586616297895267,57.04,138.59,90.65
2023-02-03,0.014901823281907367,0.021141496500469037,0.0027578599007169746,57.89,141.52,90.9
2023-02-06,0.003800310934531037,-0.06529112492933864,-0.032343234323432446,58.11,132.28,87.96
2023-02-07,-0.04654964722078814,-0.023661929241003854,-0.0006821282401090478,55.405,129.15,87.9
2023-02-08,-0.03104412959119207,0.01416957026713117,-0.0035267349260523773,53.685,130.98,87.59
2023-02-09,-0.01769581819875199,0.0072530157275920715,0.010275145564561994,52.735,131.93,88.49
2023-02-10,0.022944913245472653,0.014477374365193585,0.02203638829246235,53.945,133.84,90.44
2023-02-13,-0.04152377421447773,-0.03504184100418406,-0.012052189296771432,51.705,129.15,89.35
2023-02-14,0.013151532733778115,0.002013162988772743,-0.008170117515388764,52.385,129.41,88.62
2023-02-15,0.04447838121599701,-0.004481879298353975,0.03261114872489279,54.715,128.83,91.51
2023-02-16,-0.049437996892991,0.007606923853139769,0.03955851819473266,52.01,129.81,95.13
2023-02-17,-0.05700826764083822,-0.004930282720899903,-0.018921475875118277,49.045,129.17,93.33
2023-02-21,-0.010296666326842785,-0.0007741735697143204,0.04060859316404164,48.54,129.07,97.12
2023-02-22,0.041821178409559234,-0.0027117068257533905,-0.03778830313014825,50.57,128.72,93.45
2023-02-23,0.004152659679651949,-0.005981976382846477,0.004173354735152568,50.78,127.95,93.84
2023-02-24,0.004627806222922359,0.002657288003126146,0.01012361466325662,51.015,128.29,94.79
2023-02-27,-0.07284132118004516,0.00015589679632088682,0.022259732039244584,47.299,128.31,96.9
2023-02-28,-0.013404088881371679,-0.05751695113397237,-0.010526315789473828,46.665,120.93,95.88
2023-03-01,0.009000321440051362,-0.010088480939386524,-0.02169378389653731,47.085,119.71,93.8
2023-03-02,-0.005734310289901345,-0.008269985799014279,-0.039445628997867854,46.815,118.72,90.1
2023-03-03,-0.03919683862010037,-0.03588274932614555,-0.009211986681465056,44.98,114.46,89.27
2023-03-06,-0.06291685193419294,-0.039140311025685715,0.007729360367424665,42.15,109.98,89.96
2023-03-07,0.02894424673784113,0.0029096199308964454,0.03234771009337489,43.37,110.3,92.87
2023-03-08,-0.02374913534701395,-0.007071622846781533,0.020351028319155917,42.34,109.52,94.76
2023-03-09,0.029759093056211494,0.01570489408327247,0.006753904601097593,43.6,111.24,95.4
2023-03-10,0.21227064220183478,0.04135203164329382,0.014989517819706366,52.855,115.84,96.83
2023-03-13,-0.06186737300160805,-0.053263121546961334,-0.039657131054425365,49.585,109.67,92.99
2023-03-14,-0.1089039023898356,-0.025622321509984558,-0.03505753306807169,44.185,106.86,89.73
2023-03-15,-0.028969107163064445,-0.02919708029197088,-0.03432519781566923,42.905,103.74,86.65
2023-03-16,0.03344598531639664,0.013398881819934427,-0.01592613964223899,44.34,105.13,85.27
2023-03-17,-0.03349120433017605,-0.016265575953581246,0.003518236190922952,42.855,103.42,85.57
2023-03-20,-0.08237078520592678,-0.01943531231870055,-0.004557672081336728,39.325,101.41,85.18
2023-03-21,0.07819453273998711,0.011537323735331784,0.025827659074900033,42.4,102.58,87.38
2023-03-22,-0.05719339622641506,0.0025346071358940403,-0.008583199816891707,39.975,102.84,86.63
2023-03-23,0.08030018761726088,0.000777907429015956,0.04097887567817171,43.185,102.92,90.18
2023-03-24,-0.04839643394697235,-0.011076564321803373,-0.05300510090929256,41.095,101.78,85.4
2023-03-27,0.03491908991361492,-0.00049125564943997,0.03196721311475392,42.53,101.73,88.13
2023-03-28,0.005172819186456623,0.005308168681804615,0.014410529899012925,42.75,102.27,89.4
2023-03-29,0.0012865497076022248,0.0007822430820376702,0.006935123042505431,42.805,102.35,90.02
2023-03-30,0.018782852470505818,0.0016609672691745292,0.008664741168629142,43.609,102.52,90.8
2023-03-31,0.09713591231167862,0.07608271556769419,0.010462555066079293,47.845,110.32,91.75
2023-04-03,0.07357090605078898,0.03870558375634525,0.04632152588555849,51.365,114.59,96.0
2023-04-04,-0.09335150394237324,-0.02199144777031159,-0.010624999999999996,46.57,112.07,94.98
2023-04-05,-0.042838737384582326,-0.032747390024091994,0.021372920614866286,44.575,108.4,97.01
2023-04-06,-0.03252944475602926,-0.04049815498154985,-0.002680136068446637,43.125,104.01,96.75
2023-04-11,0.013101449275362276,0.012787231996923332,0.007441860465116301,43.69,105.34,97.47
2023-04-12,-0.018539711604486087,-0.01148661477121704,-0.01231148045552477,42.88,104.13,96.27
2023-04-13,-0.018306902985074758,-0.014501104388744745,-0.01952840968110514,42.095,102.62,94.39
2023-04-14,-0.022449221997862034,-0.0009744689144417507,-0.002966415933891353,41.15,102.52,94.11
2023-04-17,-0.0006075334143377242,-0.01628950448692945,-0.01275103602167682,41.125,100.85,92.91
2023-04-18,0.03878419452887538,0.0013882002974714425,0.024109353137445,42.72,100.99,95.15
2023-04-19,-0.05664794007490637,-0.01059510842657685,-0.0079873883342092,40.3,99.92,94.39
2023-04-20,0.006575682382133907,0.009007205764611559,-0.028075007945757013,40.565,100.82,91.74
2023-04-21,-0.00986071736718841,-0.000595120015869699,-0.02049269675168952,40.165,100.76,89.86
2023-04-24,-0.0059753516743433766,0.012405716554188206,-0.014466948586690398,39.925,102.01,88.56
2023-04-25,-0.0022542266750155138,-0.0028428585432801468,-0.019760614272809396,39.835,101.72,86.81
2023-04-26,-0.032258064516129115,-0.006193472276838308,-0.0065660638175326635,38.55,101.09,86.24
2023-04-27,0.012684824902723824,0.0010881392818280489,0.005102040816326703,39.039,101.2,86.68
2023-04-28,-0.0127820897051667,-0.0011857707509881354,0.011190586063682506,38.54,101.08,87.65
2023-05-01,0.007654385054488788,-0.08379501385041555,-0.0230462065031376,38.835,92.61,85.63
2023-05-02,-0.03360370799536505,-0.010042112082928378,0.033749854023122694,37.53,91.68,88.52
2023-05-03,-0.019984012789768135,-0.012216404886561949,-0.0380704925440577,36.78,90.56,85.15
2023-05-04,-0.030587275693311544,-0.014907243816254523,-0.007633587786259555,35.655,89.21,84.5
2023-05-05,0.025802832702285894,0.007734558905952316,0.005443786982248344,36.575,89.9,84.96
2023-05-08,0.008202323991797655,0.011902113459399288,0.007415254237288282,36.875,90.97,85.59
2023-05-09,-0.025084745762711802,0.00010992634934603451,0.02243252716438837,35.95,90.98,87.51
2023-05-10,-0.02656467315716282,-0.0030775994724114852,0.0177122614558336,34.995,90.7,89.06
2023-05-11,0.0,0.012458654906284394,-0.005501908825511048,34.995,91.83,88.57
2023-05-12,-0.06372338905557928,-0.0025046281171731133,0.004064581686801461,32.765,91.6,88.93
2023-05-15,-0.013734167556844312,-0.03220524017467241,-0.020128190711795835,32.315,88.65,87.14
2023-05-16,-0.01531796379390371,-0.011393119007332309,0.020541657103511746,31.82,87.64,88.93
2023-05-17,0.004242614707731018,-0.003423094477407518,-0.010007871359496212,31.955,87.34,88.04
2023-05-18,-0.06790799561883898,-0.01385390428211597,0.018287142208087248,29.785,86.13,89.65
2023-05-19,0.013093839180795763,-0.0019737605944503134,-0.0024539877300613355,30.175,85.96,89.43
2023-05-22,-0.0154101077050538,-0.028734295020939937,-0.024376607402437744,29.71,83.49,87.25
2023-05-23,-0.019690339952877833,-0.011258833393220757,-0.01661891117478509,29.125,82.55,85.8
2023-05-25,-0.1261802575107296,-0.012719563900666198,-0.036946386946386967,25.45,81.5,82.63
2023-05-26,-0.03654223968565817,0.001349693251533779,0.00605107103957403,24.52,81.61,83.13
2023-05-30,0.0065660685154975695,0.0013478740350447715,-0.03308071694935644,24.681,81.72,80.38
2023-05-31,0.0878813662331348,-0.07183064121390115,0.0048519532221946715,26.85,75.85,80.77
2023-06-01,-0.13947858472998143,-0.06104152933421225,-0.02253311873220243,23.105,71.22,78.95
2023-06-02,0.025319194979441795,0.010109519797809607,-0.005446485117162836,23.69,71.94,78.52
2023-06-05,0.20219501899535675,0.1302474284125661,0.055272542027508864,28.48,81.31,82.86
2023-06-06,-0.1271067415730337,-0.032222358873447376,-0.014723630219647621,24.86,78.69,81.64
2023-06-07,0.05913113435237327,0.0086415046384547,0.027192552670259662,26.33,79.37,83.86
2023-06-08,0.023357387011014197,0.00415774221998233,-0.006081564512282478,26.945,79.7,83.35
2023-06-09,0.18946001113379096,0.06925972396486824,0.033473305338932224,32.05,85.22,86.14
2023-06-12,-0.03166926677067072,0.02980521004459047,0.02414673786858601,31.035,87.76,88.22
2023-06-13,0.16159175124859027,0.04056517775752044,0.028338245295851383,36.05,91.32,90.72
2023-06-14,0.06269070735090176,0.03701270258431899,0.03196649029982379,38.31,94.7,93.62
2023-06-15,0.07400156617071252,0.010348468848996983,-0.0073702200384533345,41.145,95.68,92.93
2023-06-16,-0.14910681735326292,-0.03229515050167231,-0.0108683955665555,35.01,92.59,91.92
2023-06-20,0.10568409025992587,0.0503294092234583,0.028176675369886883,38.71,97.25,94.51
2023-06-21,-0.05076207698269186,-0.02539845758354753,-0.03872606073431395,36.745,94.78,90.85
2023-06-22,-0.07211865559940123,-0.020573960751213316,0.0011007154650524154,34.095,92.83,90.95
2023-06-23,-0.04657574424402411,0.0031239900894108885,-0.03738317757009357,32.507,93.12,87.55
2023-06-26,-0.016365705847971146,0.015141752577319645,-0.012107367218732179,31.975,94.53,86.49
2023-06-27,0.07912431587177493,0.0006347191367819249,0.030061278760550536,34.505,94.59,89.09
2023-06-28,-0.011012896681640405,0.0013743524685483344,-0.009877651812773669,34.125,94.72,88.21
2023-06-29,0.03091575091575094,0.0004222972972973693,-0.0009069266523069608,35.18,94.76,88.13
2023-06-30,0.05466173962478682,0.01815111861544949,0.016339498468171954,37.103,96.48,89.57
2023-07-03,-0.08551869121095335,-0.08613184079601988,-0.022217260243384995,33.93,88.17,87.58
2023-07-05,0.01311523725316821,-0.02030168991720549,-0.020210093628682313,34.375,86.38,85.81
2023-07-06,-0.05890909090909091,-0.029983792544570398,0.00559375364176673,32.35,83.79,86.29
2023-07-07,0.03486862442040195,-0.013486096192863228,-0.0016224359717232906,33.478,82.66,86.15
2023-07-10,-0.09716828962303603,-0.03496249697556253,0.001276842716192661,30.225,79.77,86.26
2023-07-11,-0.03854425144747731,-0.009527391249843142,0.00915835845119406,29.06,79.01,87.05
2023-07-12,-0.08327598072952502,-0.009998734337425708,-0.014014933946008057,26.64,78.22,85.83
2023-07-13,-0.0013138138138137911,-0.019432370237790764,0.0005825468950251267,26.605,76.7,85.88
2023-07-14,-0.024356323999248253,0.0023468057366362594,0.005472752678155501,25.957,76.88,86.35
2023-07-17,-0.033016142081134126,-0.002731529656607612,0.004979733642154205,25.1,76.67,86.78
2023-07-18,0.07848605577689227,-0.009521325159775662,0.016132749481447384,27.07,75.94,88.18
2023-07-19,-0.0038788326560768027,-0.010271266789570688,0.009072352007257756,26.965,75.16,88.98
2023-07-20,0.039124791396254466,-0.0055880787653007635,0.02090357383681729,28.02,74.74,90.84
2023-07-21,0.005139186295503251,0.01217554187851233,0.010788199031263712,28.164,75.65,91.82
2023-07-24,0.0848956114188324,0.031989424983476455,-0.005772162927466629,30.555,78.07,91.29
2023-07-25,0.06856488299787267,0.00281798386063814,0.011501807426881339,32.65,78.29,92.34
2023-07-26,-0.10336906584992345,-0.007919274492272366,-0.017002382499458624,29.275,77.67,90.77
2023-07-27,-0.02869342442356959,-0.0024462469421913102,0.0016525283684036829,28.435,77.48,90.92
2023-07-28,-0.09122560225074727,0.006711409395973034,-0.024417069951605752,25.841,78.0,88.7
2023-07-31,0.09767423861305669,0.0050000000000001155,-0.021307779030439677,28.365,78.39,86.81
2023-08-01,-0.04371584699453546,-0.03903559127439726,-0.025227508351572392,27.125,75.33,84.62
2023-08-02,0.059539170506912376,0.004380724810832293,-0.016780902859844016,28.74,75.66,83.2
2023-08-03,0.06036882393876142,0.04890298704731699,0.014543269230769207,30.475,79.36,84.41
2023-08-04,-0.05322395406070546,-0.007560483870967638,-0.011846937566639015,28.853,78.76,83.41
2023-08-07,0.056562575815339855,-0.011427120365667953,-0.009231507013547469,30.485,77.86,82.64
2023-08-08,0.01902575036903409,0.02363216028769588,0.016093901258470433,31.065,79.7,83.97
2023-08-09,0.28198937711250616,0.0760351317440402,-0.0008336310587113704,39.825,85.76,83.9
2023-08-10,-0.06955430006277474,-0.021571828358209033,0.00774731823599506,37.055,83.91,84.55
2023-08-11,-0.04736202941573342,-0.01453938743892269,0.026611472501478328,35.3,82.69,86.8
2023-08-14,-0.02450424929178452,-0.011246825492804313,0.013248847926267349,34.435,81.76,87.95
2023-08-15,0.12719616669086675,0.03644814090019555,-0.012279704377487155,38.815,84.74,86.87
2023-08-16,-0.02653613293829704,0.0012980882700024399,0.01968458616323243,37.785,84.85,88.58
2023-08-17,-0.02540690750297725,-0.0038892162639952987,0.0030480921201174738,36.825,84.52,88.85
2023-08-18,-0.011269517990495803,0.0023663038334122977,-0.009003939223410251,36.41,84.72,88.05
2023-08-21,0.12002197198571829,0.06090651558073645,-0.0022714366837024436,40.78,89.88,87.85
2023-08-22,0.05223148602255989,0.05206942590120178,0.024587364826408775,42.91,94.56,90.01
2023-08-23,-0.14274061990212072,0.0013747884940777944,-0.02233085212754149,36.785,94.69,88.0
2023-08-24,-0.1317112953649584,-0.017002851409863795,-0.031704545454545485,31.94,93.08,85.21
2023-08-25,0.08876017532874125,0.012999570262140159,0.00046942847083686345,34.775,94.29,85.25
2023-08-28,0.1046728971962616,0.0006363347120583729,0.004105571847507372,38.415,94.35,85.6
2023-08-29,-0.08382142392294678,-0.00031796502384739966,-0.007009345794392496,35.195,94.32,85.0
2023-08-30,0.0226452621110953,0.0,0.0117647058823529,35.992,94.32,86.0
2023-08-31,-0.026728161813736273,0.02788379983036493,0.00034883720930234396,35.03,96.95,86.03
2023-09-01,0.01675706537253774,-0.0019597730789066015,-0.004533302336394263,35.617,96.76,85.64
2023-09-05,-0.03276525254794049,-0.015915667631252628,-0.020200840728631486,34.45,95.22,83.91
2023-09-06,-0.09796806966618299,-0.034236504935937884,-0.0025026814444046863,31.075,91.96,83.7
2023-09-07,0.05406275140788419,0.01174423662461943,-0.004898446833930703,32.755,93.04,83.29
2023-09-08,0.05357960616699731,0.011177987962166736,-0.02005042622163522,34.51,94.08,81.62
2023-09-11,0.03882932483338175,0.03550170068027225,0.0013477088948787852,35.85,97.42,81.73
2023-09-12,-0.03207810320781024,-0.018784643810305868,-0.007463599657408504,34.7,95.59,81.12
2023-09-13,0.060951008645532934,-0.023014959723820505,0.03254437869822491,36.815,93.39,83.76
2023-09-14,-0.035175879396984744,-0.003640646750187382,-0.009909264565424958,35.52,93.05,82.93
2023-09-15,0.02716779279279269,-0.00988715744223534,-0.010008440853732203,36.485,92.13,82.1
2023-09-18,-0.0550911333424694,0.024530554651036596,-0.014859926918392219,34.475,94.39,80.88
2023-09-19,0.06686004350978969,0.026803686831232243,0.005192878338278861,36.78,96.92,81.3
2023-09-20,0.013730288200108687,0.009905076351630182,0.01795817958179602,37.285,97.88,82.76
2023-09-21,0.048813195655089237,0.016040049039640403,0.020178830352827415,39.105,99.45,84.43
2023-09-22,0.01754251374504534,0.015284062342885818,0.010304394172687248,39.791,100.97,85.3
2023-09-25,0.11683546530622513,-0.00019807863721899022,-0.0048065650644782965,44.44,100.95,84.89
2023-09-26,-0.09270927092709269,-0.0006934125804854974,-0.028036282247614452,40.32,100.88,82.51
2023-09-27,-0.025421626984126977,0.004659000793021395,-0.007877832989940714,39.295,101.35,81.86
2023-09-28,0.011222801883191025,-0.004341391218549595,0.015269973124847347,39.736,100.91,83.11
2023-09-29,0.05342762230722786,-0.001882865920126875,-0.019973529057875083,41.859,100.72,81.45
2023-10-02,-0.060297665973864656,-0.1549841143764893,-0.009208103130755041,39.335,85.11,80.7
2023-10-03,-0.059743231219016146,-0.08882622488544245,-0.01115241635687736,36.985,77.55,79.8
2023-10-04,0.03934027308368249,0.06434558349451969,0.025313283208020065,38.44,82.54,81.82
2023-10-05,-0.0581425598335068,-0.045917131087957475,-0.011733072598386629,36.205,78.75,80.86
2023-10-06,0.05595912166827799,0.0060952380952381535,-0.0029680930002472516,38.231,79.23,80.62
2023-10-09,0.14972143025293594,0.14868105515587526,0.012527908707516522,43.955,91.01,81.63
2023-10-10,0.1251279717893301,0.05208218877046478,0.03809873820899168,49.455,95.75,84.74
2023-10-11,-0.06844606207663528,-0.041253263707571874,-0.011328770356384132,46.07,91.8,83.78
2023-10-12,0.15042326893857183,0.010239651416122042,0.019933158271663975,53.0,92.74,85.45
2023-10-13,0.01852830188679233,-0.011429803752425971,0.0024575775307196235,53.982,91.68,85.66
2023-10-16,-0.10220073357785919,-0.03915794066317635,-0.02626663553583941,48.465,88.09,83.41
2023-10-17,0.008872382131435153,-0.04756499035077755,-0.009111617312072773,48.895,83.9,82.65
2023-10-18,0.03967685857449621,0.019427890345649512,-0.010405323653962517,50.835,85.53,81.79
2023-10-19,-0.013081538310219298,0.008885771074476745,0.002567551045359995,50.17,86.29,82.0
2023-10-20,0.018776161052421747,0.010545833816201222,-0.004024390243902443,51.112,87.2,81.67
2023-10-23,0.0031890749726091183,-0.006422018348623881,-0.016774825517325898,51.275,86.64,80.3
2023-10-24,-0.039200390053632295,-0.006925207756232621,0.004483188044831943,49.265,86.04,80.66
2023-10-25,0.013396934943672001,0.006043700604370095,-0.009050334738407995,49.925,86.56,79.93
2023-10-26,0.017726589884827337,-0.005891866913123933,-0.004378831477542922,50.81,86.05,79.58
2023-10-27,-0.005510726234993157,0.024520627542126583,-0.002764513696908777,50.53,88.16,79.36
2023-10-30,0.0003364338017017854,-0.008507259528130695,-0.007308467741935498,50.547,87.41,78.78
2023-10-31,-0.050289829267810005,0.0554856423750143,0.007996953541507867,48.005,92.26,79.41
2023-11-01,-0.005207790855119243,-0.06904400606980277,-0.009444654325651669,47.755,85.89,78.66
2023-11-02,0.01696157470421933,-0.055536150890674096,0.005085176709890726,48.565,81.12,79.06
2023-11-03,-0.010460207968701618,0.0039447731755424265,-0.023526435618517527,48.057,81.44,77.2
2023-11-06,-0.06714942672243385,0.013752455795677854,-0.01709844559585505,44.83,82.56,75.88
2023-11-07,0.027325451706446513,0.06516472868217038,-0.006852925672113819,46.055,87.94,75.36
2023-11-08,-0.006079687330365902,-0.0007959972708664331,0.0005307855626328628,45.775,87.87,75.4
2023-11-09,0.051447296559257394,0.03698645726641625,0.025198938992042397,48.13,91.12,77.3
2023-11-10,-0.031165593185123575,-0.02183933274802463,0.015523932729624823,46.63,89.13,78.5
2023-11-13,0.0266995496461504,-0.04588802872209119,-0.018598726114649633,47.875,85.04,77.04
2023-11-14,-0.00553524804177552,-0.01422859830667933,0.019859813084111888,47.61,83.83,78.57
2023-11-15,-0.012077294685990392,0.02672074436359284,0.01565483008781987,47.035,86.07,79.8
2023-11-16,-0.025194004464760167,-0.022655977692575657,-0.032581453634085156,45.85,84.12,77.2
2023-11-17,-0.017142857142857126,-0.00891583452211131,-0.012564766839378239,45.064,83.37,76.23
2023-11-20,0.016776140600035516,0.07064891447762989,0.005640823822641972,45.82,89.26,76.66
2023-11-21,-0.03830205150589272,-0.0033609679587722763,-0.018914688233759525,44.065,88.96,75.21
2023-11-22,0.012481561329853674,0.00033723021582732216,-0.0014625714665602585,44.615,88.99,75.1
2023-11-24,0.04572453210803529,0.01213619507809871,0.018109187749667077,46.655,90.07,76.46
2023-11-27,-0.05722859286250137,-0.001110247585211388,-0.04433690818728753,43.985,89.97,73.07
2023-11-28,-0.027509378197112633,0.008336112037345744,-0.007800739017380542,42.775,90.72,72.5
2023-11-29,-0.056458211572180006,0.0044091710758378255,-0.02372413793103445,40.36,91.12,70.78
2023-11-30,0.042864222001982366,-0.013059701492537323,-0.0031082226617688002,42.09,89.93,70.56
2023-12-01,0.03340460917082444,0.044256644056488215,0.02678571428571419,43.496,93.91,72.45
2023-12-04,-0.07796119183373196,-0.05537216483867535,-0.027881297446514797,40.105,88.71,70.43
2023-12-05,-0.04912105722478488,-0.016232668244842707,-0.021581712338492265,38.135,87.27,68.91
2023-12-06,0.030942703553166417,0.008937779305603355,0.0007255840951965187,39.315,88.05,68.96
2023-12-07,0.016660307770571148,0.03407155025553665,0.01464617169373561,39.97,91.05,69.97
2023-12-08,-0.03427570678008496,-0.005820977484898404,-0.019293983135629467,38.6,90.52,68.62
2023-12-11,-0.06424870466321253,-0.10008837825894834,-0.018653453803555875,36.12,81.46,67.34
2023-12-12,-0.03917497231450717,-0.05119076847532511,0.013365013365013168,34.705,77.29,68.24
2023-12-13,0.031839792537098566,-0.0012938284383491316,0.009378663540445586,35.81,77.19,68.88
2023-12-14,-0.02680815414688642,-0.03834693613162321,-0.031213704994192626,34.85,74.23,66.73
2023-12-15,-0.04763271162123395,-0.008217701737841865,0.012588041360707125,33.19,73.62,67.57
2023-12-18,0.07020186803254003,-0.018065743004618273,0.030190913127127628,35.52,72.29,69.61
2023-12-19,-0.08305180180180183,-0.014663162263106932,0.002154862807068003,32.57,71.23,69.76
2023-12-20,0.02916794596254224,0.011792783939351237,0.04931192660550465,33.52,72.07,73.2
2023-12-21,0.020435560859188406,0.02442070209518521,0.03661202185792334,34.205,73.83,75.88
2023-12-22,-0.0009063002485016902,-0.012867398076662595,0.013969425408539848,34.174,72.88,76.94
2023-12-27,0.039240358167027534,-0.06394072447859489,0.010397712503249279,35.515,68.22,77.74
2023-12-28,-0.06785865127410962,0.0008795074758136678,0.0025726781579624713,33.105,68.28,77.94
2023-12-29,-0.022806222624981,0.018160515524311638,0.0005132152938158718,32.35,69.52,77.98
2024-01-02,-0.055023183925811514,0.28437859608745697,-0.049884585791228564,30.57,89.29,74.09
2024-01-03,0.07278377494275445,0.0869078284242355,0.017951140504791407,32.795,97.05,75.42
2024-01-04,0.018752858667479666,-0.009067490984028814,-0.02174489525324852,33.41,96.17,73.78
2024-01-05,0.03412152050284356,-0.00831860247478422,0.002575223637842239,34.55,95.37,73.97
2024-01-08,-0.0859623733719247,-0.10045087553738075,-0.05421116668919834,31.58,85.79,69.96
2024-01-09,-0.029765674477517323,-0.04895675486653461,-0.0008576329331044796,30.64,81.59,69.9
2024-01-10,0.009791122715404832,-0.007844098541487932,-0.031187410586552278,30.94,80.95,67.72
2024-01-11,-0.00404007756948932,-0.017418159357628138,-0.025989367985824074,30.815,79.54,65.96
2024-01-12,0.0381307804640596,0.0013829519738495222,-0.03274711946634323,31.99,79.65,63.8
2024-01-16,-0.07299155986245698,-0.013810420590081751,0.02648902821316601,29.655,78.55,65.49
2024-01-17,-0.06558759062552688,-0.029153405474220184,-0.03328752481294839,27.71,76.26,63.31
2024-01-18,0.006676290147960895,0.0019669551534224894,-0.0004738587900805502,27.895,76.41,63.28
2024-01-19,0.019143215630041288,0.003140950137416665,0.0022123893805310324,28.429,76.65,63.42
2024-01-22,-0.040944106370255695,-0.021917808219178214,-0.0159255755282246,27.265,74.97,62.41
2024-01-23,-0.0014670823399962618,0.005869014272375628,0.013779842973882461,27.225,75.41,63.27
2024-01-24,0.06262626262626259,0.014056491181540842,0.039987355776829325,28.93,76.47,65.8
2024-01-25,-0.03957829243000344,0.0005230809467766662,-0.036322188449848025,27.785,76.51,63.41
2024-01-26,0.010581248875292548,-0.004313161678211941,-0.0048888187982967235,28.079,76.18,63.1
2024-01-29,0.003418925175397991,0.0036755053819899075,-0.021077654516640232,28.175,76.46,61.77
2024-01-30,0.043158828748890876,0.0014386607376406513,0.036425449247207364,29.391,76.57,64.02
2024-01-31,0.02871627368922458,-0.03774324147838559,0.005935645110902943,30.235,73.68,64.4
2024-02-01,-0.04117744336034401,-0.06121064060803483,-0.032298136645962816,28.99,69.17,62.32
2024-02-02,0.010865815798551282,0.004481711724736215,0.018934531450577552,29.305,69.48,63.5
2024-02-05,-0.03292953420917932,0.014680483592400595,-0.01433070866141728,28.34,70.5,62.59
2024-02-06,0.009350741002117191,0.019858156028368823,0.014379293816903616,28.605,71.9,63.49
2024-02-07,-0.014682747771368687,-0.019749652294854037,-0.01842809891321473,28.185,70.48,62.32
2024-02-08,-0.013304949441192093,-0.0334846765039728,-0.025834403080872925,27.81,68.12,60.71
2024-02-09,-0.024991010427903637,-0.050939518496770364,-0.03146104430901009,27.115,64.65,58.8
2024-02-12,-0.05107873870551349,-0.0405259087393659,-0.027210884353741416,25.73,62.03,57.2
2024-02-13,-0.011465215701515818,-0.010640012896985351,-0.009615384615384692,25.435,61.37,56.65
2024-02-14,-0.02280322390406908,-0.022649503014502192,-0.003706972639011541,24.855,59.98,56.44
2024-02-15,0.004425668879501021,-0.015671890630210017,0.02675407512402561,24.965,59.04,57.95
2024-02-16,-0.005808131383937543,-0.0066056910569105565,-0.014495254529767077,24.82,58.65,57.11
2024-02-20,-0.026188557614826746,0.021994884910485846,-0.05077919803887232,24.17,59.94,54.21
2024-02-21,-0.008067852709971013,0.015515515515515554,0.0055340343110126256,23.975,60.87,54.51
2024-02-22,-0.03253388946819613,-0.006078528010514117,-0.03522289488167296,23.195,60.5,52.59
2024-02-23,-0.011252425091614504,0.013553719008264409,-0.001521201749382084,22.934,61.32,52.51
2024-02-26,0.046917240777884395,-0.0004892367906066397,0.025138068939249747,24.01,61.29,53.83
2024-02-27,0.015826738858808698,-0.0013052700277369489,0.03956901356121123,24.39,61.21,55.96
2024-02-28,0.05038950389503882,0.0021238359745139324,0.02233738384560402,25.619,61.34,57.21
2024-02-29,-0.029431281470783444,-0.029507662210629282,-0.013459185457088019,24.865,59.53,56.44
2024-03-01,0.03796501105972272,0.029228960188140363,-0.0023033309709424854,25.809,61.27,56.31
2024-03-04,0.04169088302530133,-0.008160600620205627,0.01722606996980991,26.885,60.77,57.28
2024-03-05,0.0217593453598659,0.03867039657725835,0.04748603351955305,27.47,63.12,60.0
2024-03-06,-0.032763014197306095,0.005228136882129419,-0.020166666666666666,26.57,63.45,58.79
2024-03-07,-0.02182913059841929,-0.017021276595744816,0.01105630209219255,25.99,62.37,59.44
2024-03-08,0.015390534821085211,-0.01779701779701781,-0.015814266487213957,26.39,61.26,58.5
2024-03-11,-0.055323986358469135,-0.0788442703232125,-0.04051282051282046,24.93,56.43,56.13
2024-03-12,-0.0062174087444846204,0.031366294524189264,0.015499732763228247,24.775,58.2,57.0
2024-03-13,0.00524722502522712,0.020103092783505083,-0.019824561403508856,24.905,59.37,55.87
2024-03-14,0.04597470387472402,0.011790466565605673,0.05244317164846968,26.05,60.07,58.8
2024-03-15,0.0374664107485605,0.022640253038122227,0.009863945578231448,27.026,61.43,59.38
2024-03-18,0.06638052245985349,0.011069510011395112,0.0343550016840688,28.82,62.11,61.42
2024-03-19,0.001561415683553058,0.01159233617774924,-0.0017909475740800485,28.865,62.83,61.31
2024-03-20,-0.03897453663606443,-0.017666719719878987,-0.02120371880606764,27.74,61.72,60.01
2024-03-21,-0.048305695746214905,0.0019442644199612058,-0.010664889185135862,26.4,61.84,59.37
2024-03-22,0.052121212121212235,0.0063065976714100636,0.03587670540677124,27.776,62.23,61.5
2024-03-25,0.025705645161290258,0.02153302265788204,0.05430894308943102,28.49,63.57,64.84
2024-03-26,-0.04773604773604767,-0.006134969325153339,-0.028377544725478154,27.13,63.18,63.0
2024-03-27,0.02053077773682288,0.006489395378284302,-0.006190476190476191,27.687,63.59,62.61
2024-03-28,-0.012532957705782555,0.00802012895109283,-0.010860884842676888,27.34,64.1,61.93
2024-04-02,-0.04151426481346021,-0.18939157566302645,-0.04892620700791217,26.205,51.96,58.9
2024-04-03,-0.02442282007250518,-0.013664357197844534,-0.022920203735144362,25.565,51.25,57.55
2024-04-04,0.02503422648151754,-0.017756097560975515,0.014596003475239039,26.205,50.34,58.39
2024-04-05,0.015264262545315876,0.004767580452920139,0.044870697037163954,26.605,50.58,61.01
2024-04-08,0.04905093027626384,0.04468169236852515,0.03900999836092445,27.91,52.84,63.39
2024-04-09,-0.020064493013256857,0.02914458743376236,0.008991954566966331,27.35,54.38,63.96
2024-04-10,-0.009140767824497242,-0.022434718646561325,-0.017354596622889296,27.1,53.16,62.85
2024-04-11,0.08394833948339486,0.0645221971407075,0.09514717581543342,29.375,56.59,68.83
2024-04-12,0.04619574468085097,0.028450256229015647,0.040825221560366165,30.732,58.2,71.64
2024-04-15,0.01343876090068985,0.0634020618556701,-0.02065884980457855,31.145,61.89,70.16
2024-04-16,0.06405522555787457,0.04201001777346902,0.0582953249714937,33.14,64.49,74.25
2024-04-17,-0.05582377791188897,-0.022173980462087073,-0.05279461279461284,31.29,63.06,70.33
2024-04-18,0.03259827420901251,-0.006184586108468171,0.017346793686904505,32.31,62.67,71.55
2024-04-19,-0.048034664190653165,-0.0020743577469284347,-0.04234800838574426,30.758,62.54,68.52
2024-04-22,-0.04707718317185772,-0.002078669651423115,-0.03093987157034428,29.31,62.41,66.4
2024-04-23,-0.0305356533606278,0.007210382951450045,-0.000301204819277312,28.415,62.86,66.38
2024-04-24,0.02129157135315851,-0.0009545020680878924,0.007080445917444944,29.02,62.8,66.85
2024-04-25,0.025844245348035866,0.005095541401273884,0.023335826477187682,29.77,63.12,68.41
2024-04-26,-0.029727914007389944,-0.004119138149556334,-0.013155971349217865,28.885,62.86,67.51
2024-04-29,-0.030846460100398154,-0.00795418390073177,-0.025329580802844087,27.994,62.36,65.8
2024-04-30,0.04022290490819458,-0.03030788967286724,0.05167173252279644,29.12,60.47,69.2
2024-05-01,-0.013392857142857206,0.0,-0.01864161849710988,28.73,60.47,67.91
2024-05-02,0.07605290636964845,0.0575491979493965,0.07038727727875127,30.915,63.95,72.69
2024-05-03,-0.012453501536470957,0.02095387021110251,-0.011693492915118897,30.53,65.29,71.84
2024-05-06,0.04159842777595801,0.023587073058661145,0.025473273942093533,31.8,66.83,73.67
2024-05-07,-0.023113207547169834,-0.045338919646865206,-0.03827881091353347,31.065,63.8,70.85
2024-05-08,-0.014646708514405304,-0.0023510971786833146,0.01510232886379681,30.61,63.65,71.92
2024-05-09,0.008330610911466918,0.03864886095836617,0.023637374860956628,30.865,66.11,73.62
2024-05-10,-0.027053296614287903,-0.0428074421418847,-0.02757402879652271,30.03,63.28,71.59
2024-05-13,-0.014985014985015033,-0.11109355246523389,-0.021232015644643276,29.58,56.25,70.07
2024-05-14,0.0030425963488844854,0.007644444444444343,0.0004281432852861755,29.67,56.68,70.1
2024-05-15,0.002190765082574986,0.001940719830628046,-0.012981455064194014,29.735,56.79,69.19
2024-05-16,0.017319656969900787,0.004050008804367122,0.02312472900708218,30.25,57.02,70.79
2024-05-17,0.01715702479338832,0.03717993686425802,-0.0038140980364459454,30.769,59.14,70.52
2024-05-20,0.03253274399558004,0.07744335475143727,0.052750992626205306,31.77,63.72,74.24
2024-05-21,0.03887315077116793,0.06057752667922167,0.026400862068965525,33.005,67.58,76.2
2024-05-22,0.04196333888804715,-0.0016277005031074543,0.006167979002624557,34.39,67.47,76.67
2024-05-23,0.024425705146844834,-0.001630354231510256,-0.007434459371331803,35.23,67.36,76.1
2024-05-24,-0.03164916264547246,0.0007422802850356458,-0.004204993429697712,34.115,67.41,75.78
2024-05-28,-0.017001319067858844,-0.007862334965138773,-0.015571390868303059,33.535,66.88,74.6
2024-05-29,0.010287759057701074,0.007326555023923653,-0.00871313672922236,33.88,67.37,73.95
2024-05-30,0.03872491145218415,-0.0023749443372422796,0.01690331304935766,35.192,67.21,75.2
2024-05-31,-0.02753466696976592,0.09373605118285977,-0.015026595744681015,34.223,73.51,74.07
2024-06-04,-0.012506209274464442,0.038226091688205566,-0.02011610638585115,33.795,76.32,72.58
2024-06-05,-0.013019677467081103,-0.0010482180293500676,-0.007991182143841202,33.355,76.24,72.0
2024-06-06,0.009893569180033035,-0.017969569779643146,-0.006527777777777799,33.685,74.87,71.53
2024-06-07,-0.01709959922814308,-0.020568986242820997,-0.0015378163008528123,33.109,73.33,71.42
2024-06-10,0.03476396146062988,-0.007500340924587401,-0.007140856902828396,34.26,72.78,70.91
2024-06-11,0.0007297139521307283,-0.015526243473481638,-0.0070511916513891215,34.285,71.65,70.41
2024-06-12,0.02945894706139729,-0.024842986741102635,-0.0015622780854992468,35.295,69.87,70.3
2024-06-13,0.012183028757614345,0.016172892514670023,0.008108108108108247,35.725,71.0,70.87
2024-06-14,-0.010216934919524245,-0.011690140845070363,-0.033018202342317005,35.36,70.17,68.53
2024-06-17,-0.032522624434389136,-0.01624625908507915,-0.005399095286735767,34.21,69.03,68.16
2024-06-18,0.014323297281496616,0.013327538751267687,0.0032276995305164924,34.7,69.95,68.38
2024-06-20,-0.006772334293948079,0.03831308077197981,0.011845568879789381,34.465,72.63,69.19
2024-06-21,-0.015348904685913323,0.026022304832713727,-0.016476369417545933,33.936,74.52,68.05
2024-06-24,0.004243281471004279,-0.006709608158883551,-0.007200587803085856,34.08,74.02,67.56
2024-06-25,0.0227406103286385,0.18900297216968398,0.003552397868561208,34.855,88.01,67.8
2024-06-26,-0.029550996987519507,-0.0234064310873765,-0.008407079646017612,33.825,85.95,67.23
2024-06-27,0.021877309682187596,-0.002908667830133771,-0.01100699092666979,34.565,85.7,66.49
2024-06-28,-0.0024591349631130077,-0.0052508751458576475,0.013084674387126016,34.48,85.25,67.36
2024-07-01,-0.028857308584686714,-0.11530791788856298,0.014400237529691218,33.485,75.42,68.33
2024-07-02,0.00597282365238172,0.0033147706178733305,0.038050636616420386,33.685,75.67,70.93
2024-07-03,-0.029538370194448715,-0.03832430289414568,-0.0002819681376006189,32.69,72.77,70.91
2024-07-05,0.011471397981033915,-0.016627731207915275,-0.007897334649555776,33.065,71.56,70.35
2024-07-08,-0.023589898684409527,-0.02459474566797104,-0.0186211798152095,32.285,69.8,69.04
2024-07-09,-0.02942542976614515,-0.030229226361031536,-0.007531865585168163,31.335,67.69,68.52
2024-07-10,-0.017552257858624576,-0.010045797015807212,-0.008172796263864579,30.785,67.01,67.96
2024-07-11,0.010557089491635585,-0.005969258319653892,0.008240141259564515,31.11,66.61,68.52
2024-07-12,0.019607843137254832,-0.009908422158834918,0.012113251605370579,31.72,65.95,69.35
2024-07-15,-0.011034047919293744,-0.06004548900682338,-0.02552271088680602,31.37,61.99,67.58
2024-07-16,0.04542556582722357,0.02000322632682683,0.005327019828351487,32.795,63.23,67.94
2024-07-17,-0.027443207806068015,-0.014075597026727671,-0.022372681778039416,31.895,62.34,66.42
2024-07-18,0.02445524376861563,0.029836381135707413,-0.004667268894911203,32.675,64.2,66.11
2024-07-19,-0.01545524100994633,0.017757009345794383,-0.0016638935108153063,32.17,65.34,66.0
2024-07-22,-0.010258004351880734,0.023875114784205786,-0.0183333333333332,31.84,66.9,64.79
2024-07-23,-0.006909547738693456,0.004484304932735439,0.015434480629726854,31.62,67.2,65.79
2024-07-24,0.031625553447185206,0.016220238095238093,0.04727162182702527,32.62,68.29,68.9
2024-07-25,-0.025751072961373245,-0.0035144237809343615,-0.026415094339622747,31.78,68.05,67.08
2024-07-26,0.021869100062932745,-0.00440852314474649,0.00939177101967803,32.475,67.75,67.71
2024-07-29,0.043110084680523464,0.0019188191881918115,0.015802687933835546,33.875,67.88,68.78
2024-07-30,0.014346863468634563,-0.0026517383618148704,-0.0029078220412911415,34.361,67.7,68.58
2024-07-31,0.04391606763481848,0.11728212703101915,0.00962379702537186,35.87,75.64,69.24
2024-08-01,0.03066629495400064,0.012162876784769905,0.02787406123627978,36.97,76.56,71.17
2024-08-02,-0.008655666756829827,-0.013061650992685525,-0.010257130813545068,36.65,75.56,70.44
2024-08-05,-0.03137789904502042,-0.036924298570672365,-0.022430437251561575,35.5,72.77,68.86
2024-08-06,0.03309859154929562,0.037515459667445406,0.01539355213476612,36.675,75.5,69.92
2024-08-07,0.04839809134287676,-0.003046357615894113,0.00929633867276869,38.45,75.27,70.57
2024-08-08,0.04278283485045509,-0.0014614056064833347,0.006943460393935119,40.095,75.16,71.06
2024-08-09,0.007482229704452115,0.020090473656200203,-0.012946805516464988,40.395,76.67,70.14
2024-08-12,-0.018195321203119397,0.08764836311464719,0.035785571713715436,39.66,83.39,72.65
2024-08-13,-0.004538577912254205,-0.004916656673461972,-0.018719889883000662,39.48,82.98,71.29
2024-08-14,-0.013044579533941114,0.017233068209207003,0.008135783419834564,38.965,84.41,71.87
2024-08-15,0.016296676504555352,0.0008292856296647777,0.003339362738277396,39.6,84.48,72.11
2024-08-16,0.001136363636363713,-0.005918560606060552,0.005685757869920982,39.645,83.98,72.52
2024-08-19,0.005044772354647398,0.028101929030721617,0.008549365692222866,39.845,86.34,73.14
2024-08-20,-0.047433805998243206,-0.01667824878387769,-0.0009570686354937186,37.955,84.9,73.07
2024-08-21,-0.024897905414306476,-0.002002355712603099,-0.012727521554673493,37.01,84.73,72.14
2024-08-22,-0.011483382869494685,-0.01770329281246308,-0.007901303021901951,36.585,83.23,71.57
2024-08-23,0.007653409867432126,-0.014538027153670696,-0.006147827301942077,36.865,82.02,71.13
2024-08-26,0.02142954021429544,0.00024384296513058068,-0.008997610009841117,37.655,82.04,70.49
2024-08-27,0.027486389589695737,0.00499756216479752,0.014186409419775892,38.69,82.45,71.49
2024-08-29,-0.0023003360041353726,-0.004608853850818773,-0.006014827248566168,38.601,82.07,71.06
2024-08-30,0.03170902308230361,-0.00024369440721327962,-0.010695187165775444,39.825,82.05,70.3
2024-09-03,-0.0660389202762085,0.08068251066422927,-0.03044096728307255,37.195,88.67,68.16
2024-09-04,-0.03750504100013452,-0.03101387165896019,-0.017018779342723,35.8,85.92,67.0
2024-09-05,0.011033519553072635,0.006750465549348217,-0.011940298507462699,36.195,86.5,66.2
2024-09-06,0.007874015748031482,0.04161849710982657,0.004531722054380571,36.48,90.1,66.5
2024-09-09,0.023437500000000222,0.002885682574916837,0.00030075187969913486,37.335,90.36,66.52
2024-09-10,-0.05504218561671348,-0.027999114652501156,-0.0240529164161154,35.28,87.83,64.92
2024-09-11,0.0243764172335601,-0.005009677786633193,0.022797288971041274,36.14,87.39,66.4
2024-09-12,-0.026286662977310526,-0.026433230346721626,-0.014307228915662717,35.19,85.08,65.45
2024-09-13,0.013015061096902647,-0.013869299482839548,-0.00702826585179539,35.648,83.9,64.99
2024-09-16,-0.043957585278276534,-0.04088200238379025,-0.02738882905062312,34.081,80.47,63.21
2024-09-17,0.04301516974267172,0.008574624083509397,0.017876918209144055,35.547,81.16,64.34
2024-09-18,-0.008495794300503512,-0.016633809758501705,-0.009947155735157032,35.245,79.81,63.7
2024-09-19,-0.06134203433111074,-0.01729106628242072,-0.013814756671899575,33.083,78.43,62.82
2024-09-20,0.04113895354109376,0.006247609333163373,0.009073543457497557,34.444,78.92,63.39
2024-09-23,0.05130066194402505,0.03852002027369483,0.011200504811484269,36.211,81.96,64.1
2024-09-24,-0.022037502416392907,-0.011346998535871067,-0.0035881435257409944,35.413,81.03,63.87
2024-09-26,0.06994606500437706,-0.01912871775885472,0.04149052763425698,37.89,79.48,66.52
2024-09-30,0.030456584850883983,-0.006919979869149384,-0.014431749849669218,39.044,78.93,65.56
2024-10-01,0.005865177748181738,-0.01304953756493099,-0.029743746186699282,39.273,77.9,63.61
2024-10-02,-0.01670358770656699,-0.019640564826700957,-0.015878006602735417,38.617,76.37,62.6
2024-10-03,0.03353445373799113,-0.008642136964776892,0.002555910543130979,39.912,75.71,62.76
2024-10-04,0.026758869512928385,-0.01096288469158635,-0.01131293817718293,40.98,74.88,62.05
2024-10-07,-0.017959980478282067,0.03832799145299148,-0.004673650282030595,40.244,77.75,61.76
2024-10-08,-0.032924162608090723,0.01234726688102894,-0.023801813471502564,38.919,78.71,60.29
2024-10-09,-0.01485135794855974,-0.016516325752763295,0.028528777575053788,38.341,77.41,62.01
2024-10-10,0.050911556819071,0.004908926495285071,0.048218029350104885,40.293,77.79,65.0
2024-10-11,-0.010274737547464885,-0.03548013883532597,-0.005846153846153723,39.879,75.03,64.62
2024-10-14,0.01705158103262372,0.028122084499533573,0.02089136490250687,40.559,77.14,65.97
2024-10-15,-0.014448087970610701,-0.003629764065335772,-0.013339396695467576,39.973,76.86,65.09
2024-10-16,-0.018312360843569353,-0.030705178246161813,-0.0316484867107083,39.241,74.5,63.03
2024-10-17,0.010422772100608935,0.026979865771812106,-0.000793273044581988,39.65,76.51,62.98
2024-10-18,-0.011248423707440058,0.0032675467259182245,-0.011114639568116758,39.204,76.76,62.28
2024-10-21,0.020916233037445275,0.029312141740489794,-0.008349389852280065,40.024,79.01,61.76
2024-10-22,0.016989806116330275,-0.0011390963169219948,0.007933937823834336,40.704,78.92,62.25
2024-10-23,0.01660770440251569,0.06196147997972634,0.04240963855421698,41.38,83.81,64.89
2024-10-24,0.01870468825519578,0.023982818279441487,0.026814609338881024,42.154,85.82,66.63
2024-10-25,0.03223893343454942,-0.0026800279655090353,0.005102806543598959,43.513,85.59,66.97
2024-10-28,-0.022843747845471496,0.009814230634419996,-0.008511273704643774,42.519,86.43,66.4
2024-10-29,0.008231614101930962,-0.0038181187087817925,0.013253012048192625,42.869,86.1,67.28
2024-10-30,-0.045860645221488694,0.0,-0.026902497027348482,40.903,86.1,65.47
2024-10-31,-0.007701146615162635,0.115911730545877,-0.013594012524820509,40.588,96.08,64.58
2024-11-01,-0.03481324529417573,0.028621981681931752,-0.01099411582533294,39.175,98.83,63.87
2024-11-04,0.028742820676451952,0.13568754426793483,0.0211366838891498,40.301,112.24,65.22
2024-11-05,0.004739336492890933,-0.021115466856735488,-0.014106102422569822,40.492,109.87,64.3
2024-11-06,-0.002568408574533221,0.009920815509238068,-0.00839813374805598,40.388,110.96,63.76
2024-11-07,0.02198672873130647,0.020097332372025933,0.03575909661229626,41.276,113.19,66.04
2024-11-08,0.027449365248570556,0.042318225991695435,0.02998182919442738,42.409,117.98,68.02
2024-11-11,0.031101888750029616,-0.02873368367519924,-0.006615701264334084,43.728,114.59,67.57
2024-11-12,0.012051774606659293,-0.0055851295924600475,-0.0005919786887670364,44.255,113.95,67.53
2024-11-13,-0.013309230595413113,-0.013514699429574395,-0.018066044720864816,43.666,112.41,66.31
2024-11-14,0.058581047038886114,0.012187527800017861,0.029558136027748372,46.224,113.78,68.27
2024-11-15,0.007074247144340795,0.005976445772543526,-0.0038084077925880644,46.551,114.46,68.01
2024-11-18,0.007497153659427269,0.05102219115848339,0.022055580061755675,46.9,120.3,69.51
2024-11-19,-0.02626865671641787,-0.007730673316708181,-0.019853258523953476,45.668,119.37,68.13
2024-11-20,0.024700008758868464,-0.013403702772891046,0.0036694554528107215,46.796,117.77,68.38
2024-11-21,0.03220360714590975,-0.003396450709008958,0.02354489616847033,48.303,117.37,69.99
2024-11-22,-0.026602902511231097,-0.0023004174831730007,-0.010287183883411877,47.018,117.1,69.27
2024-11-25,0.015206942022204073,-0.004953031596925728,0.008517395697993368,47.733,116.52,69.86
2024-11-26,-0.010831081222634098,-0.012873326467559232,-0.009018036072144242,47.216,115.02,69.23
2024-11-29,0.012601660454083286,-0.009650495565988515,-0.01198902210024555,47.811,113.91,68.4
2024-12-02,0.017652841396331498,-0.07795628127469045,0.00628654970760234,48.655,105.03,68.83
2024-12-03,-0.002014181481862054,0.00523659906693319,-0.004939706523318321,48.557,105.58,68.49
2024-12-04,-0.031118067425911833,-0.03542337563932563,-0.009198423127463773,47.046,101.84,67.86
2024-12-05,-0.010521617140670791,0.01846032992930091,-0.007662835249042099,46.551,103.72,67.34
2024-12-06,-0.0015252089106572164,-0.02072888546085616,0.014404514404514401,46.48,101.57,68.31
2024-12-09,-0.03496127366609292,0.030225460273702875,-0.02839994144341962,44.855,104.64,66.37
2024-12-10,0.015538958867461927,0.03621941896024472,0.03796896188036758,45.552,108.43,68.89
2024-12-11,-0.018835616438356073,0.022502997325463348,0.006822470605312825,44.694,110.87,69.36
2024-12-12,-0.04228755537656059,-0.06187426715973665,-0.03676470588235292,42.804,104.01,66.81
2024-12-13,-0.037122698813194965,-0.0037496394577444248,-0.025445292620865145,41.215,103.62,65.11
2024-12-16,-0.022758704355210546,-0.07209033005211352,-0.017508831208723707,40.277,96.15,63.97
2024-12-17,0.04439258137398516,0.03234529381175255,-0.015788650930123493,42.065,99.26,62.96
2024-12-18,-0.02515155117080703,0.022164013701390095,0.010165184243964509,41.007,101.46,63.6
2024-12-19,0.05050357256078253,0.044746698206189706,0.04339622641509422,43.078,106.0,66.36
2024-12-20,0.02442081805097729,-0.0037735849056603765,0.007383966244725704,44.13,105.6,66.85
2024-12-23,0.03206435531384533,0.01193181818181821,0.021540762902019672,45.545,106.86,68.29
2024-12-24,0.0040838730925458755,0.0027138311809844495,-0.003075120808317622,45.731,107.15,68.08
2024-12-27,0.043734009752684155,-0.005506299580028018,0.030405405405405483,47.731,106.56,70.15
2024-12-30,-0.002053172990299834,0.016516516516516422,0.006129722024233786,47.633,108.32,70.58
2024-12-31,0.02636827409568987,0.06840841949778453,0.014026636440918061,48.889,115.73,71.57
2025-01-02,0.028309026570394247,-0.006999049511794753,0.030319966466396453,50.273,114.92,73.74
2025-01-03,-0.012949296839257718,-0.020623042116254875,0.009628424193111051,49.622,112.55,74.45
2025-01-06,-0.04626979968562328,-0.03642825410928474,-0.021222296843519062,47.326,108.45,72.87
2025-01-07,0.003127245066136819,-0.014568925772245223,-0.004254151228214709,47.474,106.87,72.56
2025-01-08,-0.04033786914942916,-0.030036492935342052,-0.025633958103638332,45.559,103.66,70.7
2025-01-09,-0.012555148269277061,-0.04090295195832527,0.018104667609618152,44.987,99.42,71.98
2025-01-10,0.0004668015204392084,-0.05109635888151276,0.018894137260350163,45.008,94.34,73.34
2025-01-13,0.07227603981514408,0.19387322450710198,0.02727024815925816,48.261,112.63,75.34
2025-01-14,-0.02722695344066639,0.009322560596644047,0.0002654632333420892,46.947,113.68,75.36
2025-01-15,0.0012567363196795966,0.03201970443349733,0.013004246284501031,47.006,117.32,76.34
2025-01-16,-0.01627451814661962,-0.043982270712580984,0.004584752423369087,46.241,112.16,76.69
2025-01-17,0.013970286109729502,0.014889443651925793,0.011865953840135557,46.887,113.83,77.6
2025-01-21,0.06696952246891463,0.0014056048493367168,0.012886597938144284,50.027,113.99,78.6
2025-01-22,-0.026205848841625468,-0.0007018159487673925,-0.016666666666666496,48.716,113.91,77.29
2025-01-23,0.00835454470810415,0.017645509612852273,0.022900763358778553,49.123,115.92,79.06
2025-01-24,0.011786739409238134,0.0028467908902691796,0.011257272957247766,49.702,116.25,79.95
2025-01-27,-0.03702064303247343,-0.020129032258064505,-0.028767979987492143,47.862,113.91,77.65
2025-01-28,0.007563411474656112,0.0014046176806250532,0.011590470057952329,48.224,114.07,78.55
2025-01-29,0.060799601857996155,0.0,0.033481858688733324,51.156,114.07,81.18
2025-01-30,0.011142387989678593,0.0006136582800035928,-0.003325942350332678,51.726,114.14,80.91
2025-01-31,0.029211615048524875,0.15717539863325758,0.015820046965764334,53.237,132.08,82.19
2025-02-03,0.010462648158235721,-0.028921865536038927,-0.03516242851928464,53.794,128.26,79.3
2025-02-04,-0.03245715135516958,-0.022298456260720245,-0.0008827238335433751,52.048,125.4,79.23
2025-02-05,0.026706117430064458,0.015311004784688942,0.0032815852581091765,53.438,127.32,79.49
2025-02-06,0.019910924810060182,0.01233113415017284,0.010189961001383807,54.502,128.89,80.3
2025-02-07,0.022402847601922904,0.012413686088913245,0.004358655043586568,55.723,130.49,80.65
2025-02-10,0.041562729931984954,0.03486857230439111,0.007935523868567884,58.039,135.04,81.29
2025-02-11,-0.004703733696307721,-0.010737559241706052,-0.0045516053635134,57.766,133.59,80.92
2025-02-12,-0.036440120486099015,0.0019462534620853233,-0.028175976272862058,55.661,133.85,78.64
2025-02-13,-0.07685812328201069,-0.01763167725065362,-0.027975584944048837,51.383,131.49,76.44
2025-02-14,-0.013584259385399866,-0.03300631226709261,0.021978021978022122,50.685,127.15,78.12
2025-02-18,-0.029002663509914206,-0.024537947306331187,-0.05069124423963145,49.215,124.03,74.16
2025-02-19,-0.019323377019201504,-0.00233814399742005,-0.022788565264293403,48.264,123.74,72.47
2025-02-20,-0.01595392010608332,0.011718118635849484,-0.01849040982475514,47.494,125.19,71.13
2025-02-21,-0.006295532067208454,0.031152647975077885,0.017432869394067296,47.195,129.09,72.37
2025-02-24,-0.0010806229473461215,-0.0013169106824697518,-0.003178112477545958,47.144,128.92,72.14
2025-02-25,-0.060516714746309264,-0.0005429723859757818,-0.02606043803714997,44.291,128.85,70.26
2025-02-26,-0.0667178433541803,-0.0028715560729530853,-0.009962994591517282,41.336,128.48,69.56
2025-02-27,0.08694600348364623,0.0003113325031134373,0.025301897642322935,44.93,128.52,71.32
2025-02-28,-0.01357667482750946,-0.2875038904450671,-0.024677509814918563,44.32,91.57,69.56
2025-03-03,0.02014891696750909,0.06333952167740531,0.008050603795284772,45.213,97.37,70.12
2025-03-04,-0.03868356446154875,-0.007702577796035781,-0.042641186537364595,43.464,96.62,67.13
2025-03-05,-0.04500276090557698,-0.010142827571931301,0.004022046774914578,41.508,95.64,67.4
2025-03-06,-0.0787318107352799,-0.02070263488080304,-0.021810089020771528,38.24,93.66,65.93
2025-03-07,0.045266736401673446,0.0067264573991032695,0.019414530562717802,39.971,94.29,67.21
2025-03-10,0.031547872207350336,0.00445434298440972,0.005356345781877714,41.232,94.71,67.57
2025-03-11,0.0358459448971673,-0.009080350543765214,-0.010655616397809653,42.71,93.85,66.85
2025-03-12,-0.01067665652072125,-0.010868407032498584,0.020344053851907296,42.254,92.83,68.21
2025-03-13,-0.0042126189236521006,0.01766670257459868,0.014074182671162783,42.076,94.47,69.17
2025-03-14,0.005086034794181904,0.01249073780036003,0.005638282492409941,42.29,95.65,69.56
2025-03-20,0.013360132419011572,0.003659174072137894,0.028464634847613635,42.855,96.0,71.54
2025-03-21,-0.005833625014584065,-0.005520833333333308,-0.021386636846519425,42.605,95.47,70.01
2025-03-24,0.003356413566482752,-0.0067036765476066185,0.008141694043708014,42.748,94.83,70.58
2025-03-25,-0.027907738373725066,-0.005167141200042136,-0.014876735619155479,41.555,94.34,69.53
2025-03-26,-0.016484177595957217,0.00869196523213911,0.005465266791313095,40.87,95.16,69.91
